api_id,api_slug,api_name,match_category,master_id,master_name
620,nc-nean-huntress-malted-teacake-2017-2026,Nc'Nean Huntress Malted Teacake (2017/2026),rejected,,amrut portpipe peated single cask #4668 (2017)
619,dalmore-2007-2017-10-years-a-d-rattray,Dalmore 10 Years (2007/2017) - A.D. Rattray,rejected,,dalmore gran reserva
618,littlemill-1991-2016-gordon-and-company,Littlemill (1991/2016) - Gordon & Company,rejected,,glenmorangie companta
617,springbank-26-years-1991-2018-berry-bros-rudd,Springbank 26 Years (1991/2018) - Berry Bros. & Rudd,rejected,,karuizawa 1990 sherry butt
616,bunnahabhain-31-years-1987-2019-wemyss-malts,Bunnahabhain 31 Years (1987/2019) - Wemyss Malts,rejected,,bunnahabhain moine (all bottlings)
615,talisker-24-years-1953-gordon-macphail,Talisker 24 Years (1953) - Gordon & MacPhail,rejected,,talisker dark storm
614,brigantia-10-years-2014-2024-chardonnay-single-cask-distillery-exclusive,Brigantia 10 Years (2014/2024) Chardonnay Single Cask Distillery Exclusive,rejected,,amrut px sherry single cask (all casks)
613,brigantia-5-years-2018-2023-cognac-single-cask,Brigantia 5 Years (2018/2023) Cognac Single Cask,rejected,,laphroaig cairdeas 2020 port & wine casks
609,st-kilian-sonderabfullung-ex-apricot-brandy,St. Kilian Sonderabfüllung ex Apricot Brandy,rejected,,kavalan concertmaster port cask
612,st-kilian-ex-tokaji-aszu-single-cask,St. Kilian ex Tokaji Aszú Single Cask (2019/2026),rejected,,amrut portpipe peated single cask #2712 (2016)
611,st-kilian-signature-edition-seventeen,St. Kilian Signature Edition Seventeen,rejected,,jameson signature reserve
610,st-kilian-exceptional-range-ex-mugi-shochu-mild,St. Kilian Exceptional Range ex Mugi Shochu – Mild,rejected,,the irishman original clan irish whiskey
561,aberfeldy-25-year-old-2023,Aberfeldy 25 Year Old (2023) 125th Anniversary,rejected,,compass box peat monster 2014 - 10th anniversary
151,st-kilian-rich-smoky,St. Kilian Rich & Smoky (2022),rejected,,highland park magnus (2017)
139,st-kilian-mild-fruity,St. Kilian Mild & Fruity (2022),rejected,,westland winter 2016
608,invergordon-35-years-1987-2023-murray-mcdavid,Invergordon 35 Years (1987/2023) - Murray McDavid,rejected,,barrell bourbon new years (all batches)
607,benromach-11-years-2010-2022-contrasts-peat-smoke,Benromach 11 Years (2010/2022) Contrasts Peat Smoke,rejected,,benromach peat smoke
606,benromach-12-years-2012-2024-contrasts-high-enzyme,Benromach 12 Years (2012/2024) Contrasts High Enzyme,rejected,,benromach traditional
605,benromach-9-years-2014-2024-contrasts-unpeated,Benromach 9 Years (2014/2024) Contrasts unpeated,rejected,,glen garioch 1999 sherry cask matured
604,kavalan-triple-sherry-cask-2021,Kavalan Triple Sherry Cask (2021),rejected,,kavalan solist sherry cask
603,black-forest-8-years-2014-2022-vom-fass,Black Forest 8 Years (2014/2022) - vom Fass,rejected,,old forester signature (100 proof)
602,falken-5-years-2022,Falken 5 Years (2022),rejected,,midleton very rare 2021
601,elsburn-rivesaltes-casks-batch-no-001,Elsburn Rivesaltes Casks - Batch No. 001,rejected,,barrell whiskey batch 001
600,tormore-10-years-blueprint-cream-sherry,Tormore 10 Years Blueprint Cream Sherry,rejected,,amrut intermediate sherry
599,ardbeg-10-years-cask-strength-2026,Ardbeg 10 Years Cask Strength (2026),rejected,,glengoyne cask strength (batch 2)
597,thousand-mountains-2018-2022-ex-red-wine-ex-bourbon-in-ex-moscatel-finish-genussraum-paderborn,Thousand Mountains (2018/2022) Ex-Red Wine & Ex-Bourbon in Ex-Moscatel Finish - Genussraum Paderborn,rejected,,blanton's original bourbon single barrel
598,tormore-10-years-blueprint-toasted-barrel,Tormore 10 Years Blueprint Toasted Barrel,rejected,,michter's toasted barrel
596,longmorn-19-years-1996-2015-signatory-vintage,Longmorn 19 Years (1996/2015) - Signatory Vintage,rejected,,bladnoch vintage 1992-2007 (signatory)
592,glencadam-2006-2021-15-years,Glencadam 15 Years (2006/2021),rejected,,glencadam origin 1825 (nas)
595,kavalan-solist-brandy-cask-2014-2021,Kavalan Solist Brandy Cask (2014/2021),rejected,,kavalan solist peaty cask
594,glenfiddich-ipa-experiment-2022,Glenfiddich IPA Experiment (2022),rejected,,glenfiddich project xx experimental series no. 2
593,smokehead-15-years-2025-ian-mcleod,Smokehead 15 Years (2025) - Ian Mcleod,rejected,,laphroaig cairdeas 2020 port & wine casks
591,bunnahabhain-2018-11-years-gordon-macphail,Bunnahabhain 11 Years (2018) - Gordon & MacPhail,rejected,,bunnahabhain ceòbanach
590,ledaig-2006-2024-17-years-gordon-macphail,Ledaig 17 Years (2006/2024) - Gordon & MacPhail,rejected,,laphroaig cairdeas 2020 port & wine casks
589,nc-nean-aon-amarone-2020-2025,Nc'Nean Aon Amarone (2020/2025),rejected,,compass box peat monster 2005
588,talisker-2011-2020-9-years-hunter-laing,Talisker 9 Years (2011/2020) - Hunter Laing,rejected,,talisker dark storm
587,daftmill-2006-2022-15-years,Daftmill 15 Years (2006/2022),rejected,,balblair 2000
586,tamnavulin-2013-2025-11-years-james-eadie,Tamnavulin 11 Years (2013/2025) - James Eadie,rejected,,tomatin cu bocan 2005 limited edition
584,redbreast-21-years,Redbreast 21 Years,rejected,,redbreast mano a lámh
585,benriach-21-years,BenRiach 21 Years,rejected,,benriach heart of speyside
583,isle-of-jura-1994-2024-30-years-decadent-drinks,Isle of Jura 30 Years (1994/2024) - Decadent Drinks,rejected,,compass box flaming heart 2012 4th edition
581,teeling-21-years-rising-reserve-no-4-white-wine-cask,Teeling 21 Years - Rising Reserve No. 4 - White Wine Cask,rejected,,teeling single grain (wine cask finish)
540,caol-ila-2011-2023-malts-of-scotland,Caol Ila (2011/2023) - Malts of Scotland,rejected,,laphroaig cairdeas 2013 port wood
579,mortlach-25-years-release-2023-gordon-macphail,Mortlach 25 Years (2023) - Gordon & MacPhail,rejected,,mortlach rare old
578,linkwood-25-years-release-2023-gordon-macphail,Linkwood 25 Years (2023) - Gordon & MacPhail,rejected,,laphroaig cairdeas 2020 port & wine casks
580,benriach-25-years,BenRiach 25 Years,rejected,,benriach heart of speyside
507,glenfarclas-21-years,Glenfarclas 21 Years,rejected,,glenfarclas 105
557,st-kilian-exceptional-range-mizunara-2025-soft-peated,St. Kilian Exceptional Range Mizunara (2025) – Soft Peated,rejected,,lohin mckinnon barley and rye lightly peated
575,glencadam-reserva-andalucia,Glencadam Reserva Andalucia,rejected,,glenfiddich reserve cask
550,st-kilian-handfilled-2025-ex-dry-gin-heimat-distillers,St. Kilian Handfilled (2025) ex Dry Gin Heimat Distillers,rejected,,caol ila distiller's edition (all editions)
538,st-kilian-distiller-s-choice-sonderedition-2-2025,St. Kilian Distiller's Choice Sonderedition 2 (2025),rejected,,caol ila distiller's edition (all editions)
546,deanston-12-years-2012-2024-the-cask-hound,Deanston 12 Years (2012/2024) - The Cask Hound,rejected,,deanston 2008 bordeaux red wine cask matured
543,glenallachie-10-years-cs-batch-8-2022,GlenAllachie 10 Years CS Batch 8 (2022),rejected,,glendronach cask strength (batch 2)
549,taketsure-pure-malt,Taketsuru Pure Malt,rejected,,nikka pure malt red
576,the-trinity-the-cask-wizard,The Trinity - The Cask Wizard,rejected,,compass box the story of the spaniard
577,arran-25-years-release-2020,Arran 25 Years (2020),rejected,,barrell bourbon new years batch 2018
547,abasolo-mexican-corn-whisky,Abasolo Mexican Corn Whisky,rejected,,basil hayden's rye whiskey
542,wieser-uuahouua-wiesky-7-years-pinot-noir,Wieser UUAHOUUA WIESky 7 Years - Pinot Noir,rejected,,two brewers release 32 innovative
555,st-kilian-whisky-bunker-reserve-2025-peated,St. Kilian Whisky Bunker Reserve (2025) - Peated,rejected,,kavalan distillery reserve peaty cask
567,schlitzer-single-malt-klassisch,Schlitzer Single Malt Klassisch,rejected,,the irishman single malt (nas)
568,nc-nean-aon-calvados-2017-2025,Nc'Nean Aon Calvados (2017/2025),rejected,,glenfarclas 105
560,lot-no-40-rye-whisky,Lot No. 40 Rye Whisky,rejected,,few rye whisky
556,st-kilian-scorpions-crazy-world-unpeated,St. Kilian Scorpions Crazy World – Unpeated,rejected,,st george's chapter 6 (unpeated)
517,high-west-double-rye-whiskey,High West Double Rye Whiskey,rejected,,high west double rye (pre-2018)
506,fettercairn-2006-2024-malts-of-scotland,Fettercairn (2006/2024) - Malts of Scotland,rejected,,fettercairn fior
554,st-kilian-signature-edition-sixteen,St. Kilian Signature Edition Sixteen,rejected,,santis edition sigel
559,islay-la-34-years-1990-2025-signatory-vintage-x-wudramclan,Islay (LA) 34 Years (1990/2025) - Signatory Vintage x Wu Dram Clan,rejected,,bladnoch vintage 1992-2007 (signatory)
545,cameronbridge-14-years-called-to-submission-brave-new-spirits,Cameronbridge 14 Years Called to Submission - Brave New Spirits,rejected,,crown royal noble collection wine barrel finished
551,longmorn-40-years-1975-2015-malts-of-scotland,Longmorn 40 Years (1975/2015) - Malts of Scotland,rejected,,laphroaig cairdeas 2014 amontillado
552,strathisla-24-years-1992-2016-malts-of-scotland,Strathisla 24 Years (1992/2016) - Malts of Scotland,rejected,,laphroaig cairdeas 2014 amontillado
539,gorfh-whiskey-oat-2025,GORFH Whiskey Oat (2025),rejected,,barrell whiskey batch 002
536,royal-brackla-2009-2021-11-years-van-wees,Royal Brackla 11 Years (2009/2021) - van Wees,rejected,,laphroaig cairdeas 2020 port & wine casks
553,the-westfalian-tw34,The Westfalian TW34,rejected,,westland peat week
537,glen-ord-2011-2021-10-years-van-wees,Glen Ord 10 Years (2011/2021) - van Wees,rejected,,laphroaig cairdeas 2020 port & wine casks
516,gammelstilla-single-cask-nr-2-release-2024,Gammelstilla Single Cask Nr. 2 (2024),rejected,,westland single cask
535,berry-bros-and-rudd-sherry-cask-matured-blended-malt-scotch-whisky,Sherry Cask Matured Blended Malt Scotch Whisky - Berry Bros. & Rudd,rejected,,yamazakura blended whisky
532,longmorn-11-years-2014-2025-james-eadie,Longmorn 11 Years (2014/2025) - James Eadie,rejected,,kilchoman winter 2010 release
548,royal-brackla-10-years-2014-2024-thompson-bros,Royal Brackla 10 Years (2014/2024) - Thompson Bros,rejected,,laphroaig cairdeas 2014 amontillado
292,the-westfalian-cask-86,The Westfalian TW86,rejected,,westland peat week
307,the-westfalian-cask-256,The Westfalian TW256,rejected,,westland winter 2016
533,tormore-10-years-blueprint-bourbon-barrel,Tormore 10 Years Blueprint Bourbon Barrel,rejected,,yamazaki bourbon barrel
534,ardmore-12-years-2012-2025-signatory-vintage,Ardmore 12 Years (2012/2025) - Signatory Vintage,rejected,,bladnoch vintage 1992-2007 (signatory)
332,mystic-lowlands-2011-2024-malts-of-scotland,Mystic Lowlands (2011/2024) - Malts of Scotland,rejected,,wemyss malts smooth gentleman
530,turntable-spirits-unplugged,Turntable Spirits Unplugged,rejected,,talisker port ruighe
531,finglassie-8-years-2017-2025-james-eadie,Finglassie 8 Years (2017/2025) - James Eadie,rejected,,kilchoman winter 2010 release
271,aberfeldy-40-years-1983-2023-malts-of-scotland,Aberfeldy 40 Years (1983/2023) - Malts of Scotland,rejected,,wemyss malts smooth gentleman
529,wolfburn-12-years-2025,Wolfburn 12 Years (2025),rejected,,wolfburn (nas)
263,old-pulteney-12-years-2023,Old Pulteney 12 Years (2023),rejected,,old pulteney huddart
526,och-aye-the-coo,Och Aye the Coo,rejected,,auchentoshan three wood
527,glen-moray-2007-2021-14-years-malts-of-scotland,Glen Moray 14 Years (2007/2021) - Malts of Scotland,rejected,,glen moray classic port cask finish
528,oban-the-macleans-young-teddy-2023,Oban The Macleans Young Teddy (2023),rejected,,lot 40 cask strength third edition (2019)
508,blackwater-the-full-irish-2024,Blackwater The Full Irish (2024),rejected,,writers tears pot still irish whiskey
525,skellig-six18-distillery-2024-ruby-port-finish,Skellig Six18 Distillery (2024) Ruby Port Finish,rejected,,tullibardine 228 burgundy finish
524,best-drinking-friends-release-no-3-2018-2024,Best Drinking Friends Release No. 3 (2018/2024),rejected,,bowmore vault edition first release
523,the-liberator-port-n-peat-storehouse-special-batch-18,The Liberator Port 'n' Peat – Storehouse Special Batch 18,rejected,,alberta premium cask strength rye (all batches)
520,st-kilian-scorpions-60-years-of-rock,St. Kilian Scorpions – 60 Years of Rock,rejected,,kavalan solist oloroso sherry cask
518,st-kilian-scorpions-rock-believer-release-2025,St. Kilian Scorpions - Rock Believer (2025),rejected,,kilchoman spring 2011 release
521,st-kilian-signature-fifteen,St. Kilian Signature Edition Fifteen,rejected,,santis edition sigel
522,st-kilian-ex-sherry-oloroso-single-cask-ultra-heavily-peated-2017-2024,St. Kilian ex Sherry Oloroso Single Cask – Ultra Heavily Peated (2017/2024),rejected,,hakushu single malt heavily peated
519,st-kilian-hedan-2021-2025,St. Kilian Hedan (2021/2025),rejected,,mackmyra sweden rock (2015)
515,ledaig-17-years-2006-2024-gordon-macphail,Ledaig 17 Years (2006/2024) - Gordon & MacPhail,rejected,,laphroaig cairdeas 2020 port & wine casks
513,nc-nean-aon-white-port-2020-2025,Nc'Nean Aon White Port (2020/2025),rejected,,crown royal noble collection winter wheat (2021)
514,talisker-storm,Talisker Storm,rejected,,talisker storm
512,langatun-5-years-wajos,Langatun 5 Years - Wajos,rejected,,canadian club sherry cask
474,tomatin-legacy,Tomatin Legacy,rejected,,tomatin legacy
490,bruichladdich-1991-31-years-ralph-steadman-x-cask-88,Bruichladdich 31 Years (1991) - Ralph Steadman X Cask 88,rejected,,bruichladdich port charlotte an turas mor
489,glenburgie-1997-24-years-ralph-steadman-x-cask-88,Glenburgie 24 Years (1997) - Ralph Steadman X Cask 88,rejected,,glenlivet nadurra peated cask finish
488,arran-1996-24-years-ralph-steadman-x-cask-88,Arran 24 Years (1996) - Ralph Steadman X Cask 88,rejected,,arran malt amarone cask finish
510,nc-nea-organic-batch-5-2017-2021,Nc'nea Organic Batch 5 (2017/2021),rejected,,barrell bourbon batch 011
511,mortlach-midnight-dusk,Mortlach Midnight Dusk - Diageo Special Releases (2024),rejected,,cragganmore nas (special release 2016)
406,ben-nevis-1996-2020-24-years-sansibar,Ben Nevis 24 Years (1996/2020) - Sansibar,rejected,,bladnoch vintage 1992-2007 (signatory)
509,caol-ila-11-years-ambrosial-feast-diageo-special-releases-2024,Caol Ila 11 Years Ambrosial Feast - Diageo Special Releases (2024),rejected,,cragganmore nas (special release 2016)
431,cigar-malt-2024-14-years-the-tasteful-8-bruehler-whiskyhaus,Cigar Malt 14 Years (2024) The Tasteful 8 - Brühler Whiskyhaus,rejected,,writers tears pot still irish whiskey
390,teaninich-2016-2023-sansibar,Teaninich (2016/2023) - Sansibar,rejected,,glenfiddich 1963 original malt
290,allt-a-bhainne-2006-a-dreamy-nighttime-drink-smws,Allt-a-Bhainne (2006) A dreamy nighttime drink Cask 108.34 - The Scotch Malt Whisky Society,rejected,,last mountain distillery single cask 100% wheat whisky
389,glen-spey-2015-2023-sansibar,Glen Spey (2015/2023) - Sansibar,rejected,,glenmorangie astar
433,distilled-in-australia-2024-7-years-the-tasteful-8-bruehler-whiskyhaus,Distilled in Australia 7 Years (2024) The Tasteful 8 - Brühler Whiskyhaus,rejected,,last mountain distillery single cask 100% wheat whisky
504,glendronach-cask-strength-batch-12,Glendronach Cask Strength Batch 12,rejected,,glendronach cask strength (batch 1)
501,royal-brackla-12-years,Royal Brackla 12 Years,rejected,,crown royal black
502,m-h-apex-white-wine,M&H APEX White Wine,rejected,,tamnavulin white wine cask
505,talisker-8-years-tidal-churn-diageo-special-releases-2024,Talisker 8 Years Tidal Churn - Diageo Special Releases (2024),rejected,,cragganmore nas (special release 2016)
503,glenallachie-2010-2024-14-years-koval-bourbon-barrel,GlenAllachie 14 Years (2010/2024) - Koval Bourbon Barrel,rejected,,yamazaki bourbon barrel
426,glenlivet-2021-13-years,Glenlivet 13 Years 1st Fill American Oak,rejected,,glenlivet nadurra first fill (white oak)
385,double-trouble-peated,St. Kilian Double Trouble – Peated,rejected,,sullivans cove double cask
404,braeval-1994-2019-sansibar,Braeval (1994/2019) - Sansibar,rejected,,bladnoch vintage 1992-2007 (signatory)
500,stauning-heather-distillery-edition-2017-2021,Stauning Heather Distillery Edition (2017/2021),rejected,,talisker distiller's edition (all editions)
498,eiskeller-whisky-12-years-single-cask-fass-4,Eiskeller-Whisky 12 Years Single Cask Fass 4,rejected,,ohishi sherry single cask
499,steinkeller-whisky-12-jahre-single-cask-fass-8,Steinkeller-Whisky 12 Years Single Cask Fass 8,rejected,,ohishi sherry single cask
494,wolfburn-langskip,Wolfburn Langskip,rejected,,wolfburn (nas)
496,wolfburn-cognac-cask-2017-2025-8-years,Wolfburn Cognac Cask 8 Years (2017/2025),rejected,,laphroaig cairdeas 2015
492,wolfburn-vibrant-stills-sauternes-cask-2016-2024-8-years,Wolfburn Vibrant Stills Sauternes Cask 8 Years (2016/2024),rejected,,kilchoman sauternes cask matured
495,wolfburn-10-years-2023-release,Wolfburn 10 Years (2023 Release),rejected,,balblair 1990 (all releases)
493,wolfburn-vibrant-stills-bourbon-barrel-2015-2023-8-years,Wolfburn Vibrant Stills Bourbon Barrel 8 Years (2015/2023),rejected,,barrell bourbon new years batch 2018
497,glen-garioch-21-years-2003-2024-wu-dram-clan,Glen Garioch 21 Years (2003/2024) - Wu DRAM Clan,rejected,,glen garioch 1998 wine cask matured
312,st-kilian-single-cask-ultra-heavily-peated,St. Kilian Single Cask – Ultra Heavily Peated,rejected,,hakushu single malt heavily peated
283,ardmore-2010-a-dream-of-scotland,Ardmore (2010) A Dream Of Scotland - Brühler Whiskyhaus,rejected,,bowmore vault edition second release
435,distilled-at-south-islay-2024-13-years-the-tasteful-8-bruehler-whiskyhaus,Distilled at South Islay 13 Years (2024) The Tasteful 8 - Brühler Whiskyhaus,rejected,,last mountain distillery single cask rye whisky
374,judas-priest-turbo-unpeated-2024,St. Kilian Judas Priest Turbo – Unpeated (2024),rejected,,st george's chapter 6 (unpeated)
343,ncnean-organic-batch20,Nc'Nean Organic Batch 20 (2019/2023),rejected,,barrell bourbon batch 019
434,highland-park-2024-13-years-the-tasteful-8-bruehler-whiskyhaus,Highland Park 13 Years (2024) The Tasteful 8 - Brühler Whiskyhaus,rejected,,highland park magnus (2017)
486,baker-s-7-2015-2023,Baker's 7 (2015/2023),rejected,,mackmyra sweden rock (2015)
396,st-kilian-handfilled-whisky-ex-champagner-vin-clair-unpeated,St. Kilian Handfilled Whisky – ex Champagner Vin Clair – Unpeated,rejected,,st george's chapter 6 (unpeated)
387,glen-moray-2015-2023-sansibar,Glen Moray (2015/2023) - Sansibar,rejected,,glen moray classic
432,secret-speyside-m-2024-17-years-the-tasteful-8-bruehler-whiskyhaus,Secret Speyside (M) 17 Years (2024) The Tasteful 8 - Brühler Whiskyhaus,rejected,,writers tears pot still irish whiskey
351,st-kilian-handfilled-rye-jack-daniels,St. Kilian Handfilled Rye & Jack Daniels,rejected,,kavalan distillery reserve rum cask
386,inchgower-2010-2023-sansibar,Inchgower (2010/2023) - Sansibar,rejected,,kilchoman winter 2010 release
427,balblair-1989-33-years-espresso-romano-cask-70-48-the-scotch-malt-whisky-society,Balblair 33 Years (1989) Espresso romano Cask 70.48 - The Scotch Malt Whisky Society,rejected,,kilbeggan irish reserve malt whiskey
491,ardbeg-2017-2025-7-years-bohemian-schnapsidee-vame-malts,Ardbeg 7 Years (2017/2025) Bohemian Schnapsidee - VAME Malts,rejected,,writers tears red head single malt
420,speyside-distillery-2008-2024-15-years,Speyside Distillery 15 Years (2008/2024),rejected,,jim beam distillers series
418,tomatin-2006-2024-17-years,Tomatin 17 Years (2006/2024),rejected,,tomatin decades
414,tobermory-12-years-release-2017,Tobermory 12 Years (2017),rejected,,midleton very rare 2017
296,nikka-coffey-malt-whisky,Nikka Coffey Malt Whisky,rejected,,nikka coffey malt
417,port-charlotte-2004-2023-18-years,Port Charlotte 18 Years (2004/2023),rejected,,forty creek port wood reserve 2011/2012
395,st-kilian-whisky-solera-peated-iii-2024,St. Kilian Whisky Solera – Peated – III (2024),rejected,,macallan whisky maker's edition
452,the-westfalian-tw40-2014-2024-10-years-cowboy,The Westfalian TW40,rejected,,westland peat week
429,distilled-in-ireland-2024-21-years-the-tasteful-8-bruehler-whiskyhaus,Distilled in Ireland 21 Years (2024) The Tasteful 8 - Brühler Whiskyhaus,rejected,,last mountain distillery single cask 100% wheat whisky
478,glenlossie-1997-2016-19-years-signatory-vintage,Glenlossie 19 Years (1997/2016) - Signatory Vintage,rejected,,bladnoch vintage 1992-2007 (signatory)
398,terence-hill-the-hero-mild,St. Kilian Terence Hill – The Hero – Whisky (mild),rejected,,kilbeggan irish reserve malt whiskey
349,schroll-tegelberg-laphroaig-cask,Schroll Tegelberg Laphroaig Cask,rejected,,laphroaig qa cask
487,nc-nean-distillery-huntress-lemon-meadow-2019-2025,Nc'Nean Huntress Lemon Meadow (2019/2025),rejected,,crown royal noble collection winter wheat (2021)
430,caperdonich-2024-27-years-the-tasteful-8-bruehler-whiskyhaus,Caperdonich 27 Years (2024) The Tasteful 8 - Brühler Whiskyhaus,rejected,,writers tears pot still irish whiskey
375,st-kilian-heavy-metal-edition-birmingham-home-of-metal-unpeated,St. Kilian Heavy Metal Edition Birmingham – Home of Metal – Unpeated,rejected,,hakushu single malt heavily peated
286,allt-a-bhainne-2008-flickenschild,Allt-a-Bhainne (2008/2019) Scottish Roadsign Edition No. 11 - Flickenschild,rejected,,compass box flaming heart 2015 5th edition - 15th anniversary
394,st-kilian-signature-edition-fourteen-unpeated,St. Kilian Signature Edition Fourteen – Unpeated,rejected,,st george's chapter 6 (unpeated)
403,octomore-2024-13-years-the-tasteful-8-bruehler-whiskyhaus,Octomore 13 Years (2024) The Tasteful 8 - Brühler Whiskyhaus,rejected,,writers tears pot still irish whiskey
341,ncnean-2017-best-dram,Nc'Nean (2017/2024) STR Cask - Best Dram,rejected,,laphroaig cairdeas 2019 triple wood cask strength
391,glen-elgin-2008-2020-sansibar,Glen Elgin (2008/2020) - Sansibar,rejected,,glencadam origin 1825 (nas)
451,ledaig-2005-2022-16-years-signatory-vintage,Ledaig 16 Years (2005/2022) - Signatory Vintage,rejected,,laphroaig cairdeas 2020 port & wine casks
450,craigellachie-2012-2023-10-years-signatory-vintage,Craigellachie 10 Years (2012/2023) - Signatory Vintage,rejected,,bladnoch vintage 1992-2007 (signatory)
449,glenallachie-2009-2022-12-years-signatory-vintage,GlenAllachie 12 Years (2009/2022) - Signatory Vintage,rejected,,bladnoch vintage 1992-2007 (signatory)
485,ardnamurchan-ad-04-22-02,Ardnamurchan AD 04.22:02,rejected,,barrell bourbon batch 002
463,heiligenbergfeld-2020-2024-rum-barbados-cask,HeiligenBergFeld (2020/2024) Rum Barbados Cask,rejected,,laphroaig cairdeas 2020 port & wine casks
481,benrinnes-2024-21-years-grand-crescendo-diageo-special-releases-2024,Benrinnes 21 Years Grand Crescendo - Diageo Special Releases (2024),rejected,,cragganmore nas (special release 2016)
472,talisker-skye,Talisker Skye,rejected,,talisker skye
484,bruichladdich-1993-2023-30-years-malts-of-scotland,Bruichladdich 30 Years (1993/2023) - Malts of Scotland,rejected,,bruichladdich port charlotte pc10 tro na linntean
483,benromach-40-years-batch-2-2022,Benromach 40 Years Batch 2 (2022),rejected,,barrell bourbon new years batch 2018
393,st-kilian-exceptional-range-mizunara-peated,St. Kilian Exceptional Range Mizunara – Peated,rejected,,lohin mckinnon barley and rye lightly peated
295,nikka-coffey-grain-whisky,Nikka Coffey Grain Whisky,rejected,,nikka coffey grain
479,michel-couvreur-cap-a-pie-release-2018,Cap a Pie (2018) - Michel Couvreur,rejected,,laphroaig cairdeas 2018 fino
482,glen-moray-port-cask-finish,Glen Moray Port Cask Finish,rejected,,glen moray classic port cask finish
475,woodford-reserve-kentucky-derby-148,Woodford Reserve Kentucky Derby 148,rejected,,woodford reserve straight rye
476,woodford-reserve-distiller-s-select,Woodford Reserve Distiller's Select,rejected,,woodford reserve distiller's select
480,tomatin-2009-2021-gordon-amp-macphail,Tomatin (2009/2021) - Gordon & MacPhail,rejected,,tomatin cu bocan
446,the-english-2013-9-years-slicing-and-dicing-cask-137-18-the-scotch-malt-whisky-society,The English 9 Years (2013) Slicing and dicing Cask 137.18 - The Scotch Malt Whisky Society,rejected,,shelter point classic single cask (kwm) single malt whisky
477,puni-sole-2017-4-years-release-2017,Puni Sole 4 Years (2017),rejected,,high west double rye (pre-2018)
447,ben-nevis-2013-10-years-mingle-into-darkness-cask-78-84-the-scotch-malt-whisky-society,Ben Nevis 10 Years (2013) Mingle into darkness Cask 78.84 - The Scotch Malt Whisky Society,rejected,,shelter point classic single cask (kwm) single malt whisky
411,mac-talla-2009-2024-feis-ile-2024-morrison-scotch-whisky-distillers,Mac-Talla (2009/2024) Feis Ile (2024) - Morrison Scotch Whisky Distillers,rejected,,bell's original scotch whisky
416,ballindalloch-2016-2024-8-years,Ballindalloch 8 Years (2016/2024),rejected,,midleton very rare 2016
422,glen-scotia-2024-14-years-icons-of-campbeltown-release-no-2-the-dragon,Glen Scotia 14 Years (2024) Icons of Campbeltown - Release No. 2: The Dragon,rejected,,spirit of hven seven stars no. 2 merak
473,kingsbarns-balcomie,Kingsbarns Balcomie,rejected,,springbank cv
407,kilkerran-2024-8-years-batch-10,Kilkerran 8 Years (2024) Batch 10,rejected,,alberta rye dark batch
466,deanston-12-years,Deanston 12 Years,rejected,,deanston virgin oak
471,teeling-rose-wine-cask,Teeling Rose Wine Cask (2022),rejected,,teeling single grain (wine cask finish)
467,roseisle-12-years-origami-kite-2-diageo-special-releases-2024,Roseisle 12 Years Origami Kite 2 - Diageo Special Releases (2024),rejected,,cragganmore nas (special release 2016)
334,compassbox-artist-blend,Compass Box Artist Blend,rejected,,compass box the lost blend
470,talisker-x-parley-wilder-seas-xo-cognac-cask-finish-2023,Talisker x Parley - Wilder Seas - XO Cognac Cask Finish (2023),rejected,,teeling single grain (wine cask finish)
469,lagavulin-2024-12-years-fireside-tales-diageo-special-releases-2024,Lagavulin 12 Years (2024) Fireside Tales - Diageo Special Releases (2024),rejected,,cragganmore nas (special release 2016)
440,highland-park-2006-2024-18-years-signatory-vintage,Highland Park 18 Years (2006/2024) - Signatory Vintage,rejected,,highland park magnus (2017)
344,ncnean-organic-cask-strength-batch6,Nc'Nean Organic (2019/2024) Cask Strength Batch GD06,rejected,,glendronach cask strength (batch 6)
468,jameson-caskmates-ipa-edition-release-2017,Jameson Caskmates IPA Edition (2017),rejected,,jameson caskmates stout edition
399,ayrers-red-organic-single-malt-2019-2024,Ayrer's Red Organic Single Malt (2019/2024),rejected,,writers tears red head single malt
454,glenturret-12-years-release-2024,Glenturret 12 Years (2024),rejected,,glenrothes vintage 1998 (2014)
412,glenfiddich-2023-23-years-rude-olph-vame-malts,Glenfiddich 23 Years (2023) Rude Olph - VAME Malts,rejected,,glenfiddich cask of dreams
423,lichtburg-2001-2023-21-years-historic-series-no-8-rolf-kaspar-gmbh,Lichtburg 21 Years (2001/2023) Historic Series No. 8 - Rolf Kaspar GmbH,rejected,,laphroaig cairdeas 2019 triple wood cask strength
461,heiligenbergfeld-2018-2022-oloroso-sherry-cask,HeiligenBergFeld (2018/2022) Oloroso Sherry Cask,rejected,,kavalan solist oloroso sherry cask
464,dun-naomhaig-bay-batch-2-2023-feinkost-reifferscheid,Dun Naomhaig Bay Batch 2 (2023) - Feinkost Reifferscheid,rejected,,teeling small batch (rum cask finish)
465,dun-naomhaig-bay-batch-1-2022-feinkost-reifferscheid,Dun Naomhaig Bay Batch 1 (2022) - Feinkost Reifferscheid,rejected,,teeling small batch (rum cask finish)
448,tormore-2011-12-years-spiced-vanilla-chai-cake-cask-105-45-the-scotch-malt-whisky-society,Tormore 12 Years (2011) Spiced vanilla chai cake Cask 105.45 - The Scotch Malt Whisky Society,rejected,,shelter point classic single cask (kwm) single malt whisky
388,auchroisk-2010-2023-sansibar,Auchroisk 12 Years (2010/2023) - Sansibar,rejected,,laphroaig cairdeas 2014 amontillado
462,heiligenbergfeld-2020-2023-3-years-px-cask,HeiligenBergFeld 3 Years (2020/2023) PX Cask,rejected,,laphroaig cairdeas 2020 port & wine casks
460,craigellachie-2013-2024-malts-of-scotland,Craigellachie (2013/2024) - Malts of Scotland,rejected,,laphroaig cairdeas 2014 amontillado
455,goa-indian-whisky-ratafia-champenois-cask-t-073,Goa Indian Whisky Ratafia Champenois Cask T-073,rejected,,tamnavulin white wine cask
419,lagavulin-2024-11-years-offermann-4,Lagavulin 11 Years (2024) Offerman 4th Edition,rejected,,compass box flaming heart 2012 4th edition
376,grave-digger-erdfassreifung-exhumation-chapter-ii-peated,St. Kilian Grave Digger Erdfassreifung Exhumation – Chapter II – Peated,rejected,,st george's chapter 9 (peated)
405,port-charlotte-2023-14-years-bruehler-whiskyhaus,Port Charlotte 14 Years (2023) - Brühler Whiskyhaus,rejected,,bruichladdich port charlotte islay barley heavily peated
453,glenturret-triple-wood-release-2024,Glenturret Triple Wood (2024),rejected,,laphroaig triple wood
400,johnnie-walker-18-years,Johnnie Walker 18 Years,rejected,,johnnie walker red label
342,ncnean-huntress-2024-orchard-cobbler,Nc'Nean Huntress Orchard Cobbler (2019/2024),rejected,,lot 40 cask strength third edition (2019)
410,balvenie-2009-14-years-a-collection-of-curious-casks,The Balvenie 14 Years (2009) A Collection of Curious Casks,rejected,,crown royal noble collection french oak cask finished
413,kilchoman-batch-strength-2024,Kilchoman Batch Strength (2024),rejected,,kilchoman original cask strength
327,compassbox-ultramarine,Compass Box Ultramarine,rejected,,compass box orangerie
330,compassbox-metropolis,Compass Box Metropolis,rejected,,compass box hedonism
437,cameronbridge-1984-2019-34-years-van-wees,Cameronbridge 34 Years (1984/2019) - van Wees,rejected,,barrell bourbon new years (all batches)
345,ncnean-quiet-rebels-gordon,Nc'Nean Quiet Rebels Gordon (2009/2023),rejected,,lot 40 cask strength third edition (2019)
415,bowmore-2013-2024-10-years-douglas-laing,Bowmore 10 Years (2013/2024) - Douglas Laing,rejected,,big peat (douglas laing)
424,glenfarclas-2012-2024-the-trinity-vintage-series,Glenfarclas (2012/2024) The Trinity Vintage Series,rejected,,glenrothes vintage reserve (nas)
442,blended-scotch-whisky-release-2024-40-years-living-souls,Blended Scotch Whisky 40 Years (2024) - Living Souls,rejected,,glenrothes whisky maker's cut
444,islay-blended-malt-scotch-whisky-kildalton-release-2024-19-years-living-souls,Islay Blended Malt Scotch Whisky Kildalton 19 Years (2024) - Living Souls,rejected,,smooth ambler old scout yearling bourbon
445,ledaig-2024-18-years-living-souls,Ledaig and Tobermory 18 Years (2024) - Living Souls,rejected,,laphroaig cairdeas 2020 port & wine casks
443,blended-scotch-whisky-release-2024-15-years-living-souls,Blended Scotch Whisky 15 Years (2024) - Living Souls,rejected,,glenrothes whisky maker's cut
408,ruadh-maor-2011-2024-jack-the-ripper-malts-of-scotland,Ruadh Maor (2011/2024) Jack the Ripper - Malts of Scotland,rejected,,bruichladdich port charlotte the peat project
428,macallan-2003-2023-20-years-gordon-amp-macphail,Macallan 20 Years (2003/2023) Speymalt - Gordon & MacPhail,rejected,,macallan rare cask (all batches)
401,meikle-toir-5-years-the-chinquapin-one-release-2023,Meikle Tòir 5 Years The Chinquapin One (2023),rejected,,lot 40 cask strength third edition (2019)
93,betz-sauternes-cask-batch-1,Betz Sauternes Cask (2017/2022) Batch 1,rejected,,amrut madeira cask finish (batch 1)
92,betz-rye-single-cask-50,Betz Rye Single Cask (2017/2022) 50,rejected,,amrut px sherry single cask 2702
91,betz-px-single-cask-52,Betz PX Single Cask (2017/2021) 52,rejected,,amrut px sherry single cask 2701
90,betz-master-blend-batch-4,Betz Master Blend Batch 4,rejected,,aberlour a'bunadh (batch 40)
425,ballechin-2004-2023-19-years,Ballechin 19 Years (2004/2023),rejected,,balblair 2000
436,glenlivet-nadurra-2015,Glenlivet Nadurra (2015),rejected,,glenlivet nadurra oloroso
409,north-british-1991-31-years-hogshead-imports,North British 31 Years (1991) - Hogshead Imports,rejected,,writers tears red head single malt
441,macallan-2004-2024-20-years-speymalt-gordon-macphail,Macallan 20 Years (2004/2024) Speymalt - Gordon & MacPhail,rejected,,macallan rare cask (all batches)
421,aberfeldy-2021-18-years-french-red-wine-casks,Aberfeldy 18 Years (2021) French Red Wine Casks,rejected,,laphroaig cairdeas 2020 port & wine casks
438,deanston-2012-2023-11-years-best-dram,Deanston 11 Years (2012/2023) - Best Dram,rejected,,deanston 2008 bordeaux red wine cask matured
439,edradour-2012-2024-12-years-fruehburgunder-barrique-finish,Edradour 12 Years (2012/2024) Frühburgunder Barrique Finish,rejected,,tullibardine 228 burgundy finish
350,sild-floeren-single-cask,Sild Flören (2018/2023) Single Cask 5 Years,rejected,,shelter point single cask rye
329,compassbox-delos,Compass Box Delos,rejected,,compass box delilah's
309,st-kilian-single-cask-irish-style,St. Kilian Single Cask – Irish Style – Unpeated,rejected,,shelter point single cask rye
124,macallan-12-double-cask,Macallan 12 Years Double Cask,rejected,,macallan gold double cask
288,ardmore-2007-mouton-bouillie-smws,Ardmore 15 Years (2007/2023) Mouton bouillie Cask 66.239 - The Scotch Malt Whisky Society,rejected,,last mountain distillery single cask 100% wheat whisky
299,single-malt-miyagikyo,Single Malt Miyagikyo,rejected,,kavalan single malt whisky
293,the-westfalian-cask-74,The Westfalian TW74,rejected,,westland peat week
402,st-kilian-bud-spencer-the-legend-rauchig-batch-03,St. Kilian Bud Spencer - The Legend - Rauchig - Batch 03,rejected,,amrut spectrum (batch 1)
384,sie-nannten-ihn-spencer-unpeated,St. Kilian Sie nannten ihn Spencer – Unpeated,rejected,,st george's chapter 6 (unpeated)
397,ancnoc-18-years-2024,anCnoc 18 Years (2024),rejected,,ancnoc 2000
382,ben-nevis-10-years-2014-2024-james-eadie,Ben Nevis 10 Years (2014/2024) - James Eadie,rejected,,ben nevis celebrated traditional (nas)
380,teaninich-11-years-malaga-cask-finish-james-eadie,Teaninich 11 Years Malaga Cask Finish - James Eadie,rejected,,glenfiddich ipa cask finish experimental series no. 1
392,the-english-whisky-infinity-cask-distillery-exclusive,The English Whisky Infinity Cask - Distillery Exclusive (2024) Batch 3,rejected,,glengoyne cask strength (batch 3)
331,dailuaine-2012-2022-malts-of-scotland,Dailuaine (2012/2022) - Malts of Scotland,rejected,,laphroaig cairdeas 2014 amontillado
136,elsburn-the-journey-2020,Elsburn The Journey (2020),rejected,,bruichladdich the organic 2010
289,ardmore-2008-signatory-vintage,Ardmore 13 Years (2008/2023) - Signatory Vintage,rejected,,bladnoch vintage 1992-2007 (signatory)
75,glenfiddich-reserve-cask,Glenfiddich Reserve Cask,rejected,,glenfiddich reserve cask
378,glenturret-29-years-1987-2017-cadenheads,Glenturret 29 Years (1987/2017) - Cadenhead's,rejected,,glen garioch 1998 wine cask matured
76,glenfiddich-select-cask,Glenfiddich Select Cask,rejected,,glenfiddich select cask
89,betz-jamaica-rum-cask-batch-1,Betz Jamaica Rum Cask (2017/2022) Batch 1,rejected,,amrut madeira cask finish (batch 1)
287,allt-a-bhainne-2005-infrequent-flyers,Allt-a-Bhainne 17 Years (2005) Infrequent Flyers - Alistair Walker Whisky Company,rejected,,balcones texas single malt whisky
379,royal-brackla-10-years-2014-2024-james-eadie,Royal Brackla 10 Years (2014/2024) - James Eadie,rejected,,laphroaig cairdeas 2014 amontillado
381,caol-ila-9-years-2015-2024-james-eadie,Caol Ila 9 Years (2015/2024) - James Eadie,rejected,,compass box flaming heart 2012 4th edition
383,craigellachie-2013-2024-margaux-cask-berry-bros-rudd,Craigellachie (2013/2024) Margaux Cask London Showcase - Berry Bros. & Rudd,rejected,,laphroaig cairdeas 2020 port & wine casks
298,single-malt-miyagikyo-aromatic-yeast-2022,Single Malt Miyagikyo Aromatic Yeast Edition (2022),rejected,,glenfiddich malt master's edition
297,nikka-the-grain-whisky,Nikka The Grain Whisky,rejected,,nikka coffey grain
300,single-malt-yoichi,Single Malt Yoichi,rejected,,few single malt
362,four-roses-single-barrel,Four Roses Single Barrel,rejected,,four roses single barrel bourbon
78,malts-of-scotland-glen-moray-19-1998-2017,Glen Moray 19 Years (1998/2017) - Malts of Scotland,rejected,,glen moray classic port cask finish
304,emill-kraftwerk,Emill Kraftwerk,rejected,,westland peat week
103,glenlivet-12-years-double-oak,Glenlivet 12 Years Double Oak,rejected,,glen scotia double cask
264,lindores-mcdxciv,Lindores Abbey MCDXCIV,rejected,,glen moray classic
311,st-kilian-single-cask-turf-tail-distillers-cut,St. Kilian Single Cask – Turf Tail Distillers Cut – Peated,rejected,,smogen single cask (all editions)
72,timorous-beastie-small-batch,Timorous Beastie Small Batch Release - Douglas Laing,rejected,,four roses small batch limited edition
367,st-kilian-signature-edition-4,St. Kilian Signature Edition Four,rejected,,glenmorangie spios private edition no 9
305,the-westfalian-cask-129,The Westfalian TW129,rejected,,westland peat week
347,finch-distillers-choice-barrique-r,finch Distillers Choice Barrique R,rejected,,teerenpeli distiller’s choice aura
320,teaninich-signatory-vintage-2008-2021,Teaninich (2008/2021) - Signatory Vintage,rejected,,kilchoman 2008 vintage
377,turntable-spirits-track-6-all-my-life,Turntable Spirits Track 6: All My Life,rejected,,okanagan spirits laird of fintry (all editions)
348,nine-springs-10-years-px-finish,Nine Springs 10 Years PX Finish,rejected,,teeling single grain (wine cask finish)
133,breizh-blended,Breizh Blended,rejected,,nikka blended
373,teeling-21-years-rising-reserve-no-3-ruby-port-cask,Teeling 21 Years - Rising Reserve No. 3 - Ruby Port Cask,rejected,,kavalan distillery reserve rum cask
372,evermann-wilhelm-single-malt-whisky,Evermann Wilhelm Single Malt Whisky,rejected,,kavalan single malt whisky
371,evermann-theo-blended-whisky,Evermann Theo Blended Whisky,rejected,,p&m blended whisky
104,tomintoul-14-years,Tomintoul 14 Years,rejected,,tomintoul peaty tang
319,glen-moray-2008-2021-rum-and-cognac,Glen Moray 12 Years (2008/2021) old - Rum Matured & Cognac Finish,rejected,,glen moray classic port cask finish
102,patrisbrunna-peated-2017,Patrisbrunna Peated (2017),rejected,,amrut peated
333,glenrothes-2013-2024-malts-of-scotland,Glenrothes (2013/2024) - Malts of Scotland,rejected,,glenrothes vintage 2001 (all bottlings)
370,teeling-single-pot-still-2024,Teeling Single Pot Still (2024),rejected,,teeling single malt
369,willowburn-the-distillery-exclusive-07-2024,WillowBurn The Distillery Exclusive Cask (1445),rejected,,kavalan distillery reserve rum cask
365,glenalba-25-years-old-madeira-finish,Glenalba 25 Years Madeira Finish,rejected,,tullibardine 225 sauternes finish
70,epicurean-small-batch,Epicurean Small Batch Release - Douglas Laing,rejected,,teeling small batch (rum cask finish)
368,whesskey-hessian-corn-whisky-10-years-old,Whesskey - Hessian Corn Whisky - 10 Years,rejected,,shelter point artisanal cask strength whisky
359,stauning-smoke-distlillery-eidition-calvados-cask,Stauning Smoke Distillery Edition Calvados Cask,rejected,,talisker distiller's edition (all editions)
360,stauning-barley-distillery-edition-makers-mark-bourbon-cask,Stauning Barley Distillery Edition Makers Mark Bourbon Cask,rejected,,kavalan distillery reserve rum cask
322,jura-10-years,Jura 10 Years,rejected,,jura turas mara
366,teeling-whiskey-wonders-of-wood-series-3-swedish-oak,Teeling Whiskey Wonders of Wood Series 3 Swedish Oak,rejected,,heaven hill trybox series new make
325,dailuaine-2012-signatory,Dailuaine (2012/2022) #308764 - Signatory Vintage,rejected,,bladnoch vintage 1992-2007 (signatory)
361,beauchamp-whisky-pur-malt,Beauchamp Whisky Pur Malt,rejected,,macallan whisky maker's edition
364,miltonduff-2009-signatory,Miltonduff (2009/2011) - Singatory Vintage,rejected,,kilchoman 2009 vintage
167,kavalan-solist-fino-sherry-cask,Kavalan SOLIST Fino Sherry Cask,rejected,,kavalan solist fino sherry cask
69,big-peat-small-batch,Big Peat Small Batch Release - Douglas Laing,rejected,,big peat (douglas laing)
306,balcones-brimstone,Balcones Brimstone,rejected,,balcones baby blue
314,speyburn-16,Speyburn 16 Years,rejected,,penderyn aur cymru
16,benromach-10-years,Benromach 10 Years,rejected,,benromach peat smoke
363,balcones-bourbon-ratafia-champenois-cask-t-053,Balcones Bourbon Ratafia Champenois Cask T-053,rejected,,barrell bourbon batch 015
175,hardenberg-beverbach-wheat-einbecker,Beverbach Wheat Malt Einbecker German Beer Cask Finish,rejected,,arran malt amarone cask finish
122,old-forester-86,Old Forester 86 Proof,rejected,,old forester
256,macleans-nose,Maclean’s Nose,rejected,,macallan sienna
308,st-kilian-the-early-days,St. Kilian The Early Days – Ketterer Wash X St. Kilian – Unpeated,rejected,,lohin mckinnon barley and rye lightly peated
328,compassbox-celestial,Compass Box Celestial,rejected,,compass box eleuthera
145,teeling-riesling-wine-cask,Teeling Riesling Wine Cask Grand Cru Edition (2021),rejected,,teeling single grain (wine cask finish)
324,fettercairn-16-years,Fettercairn 4th Release 16 Years (2023),rejected,,two brewers cask strength (all releases)
318,glenfarclas-15-years,Glenfarclas 15 Years,rejected,,glenfarclas 105
323,haran-12-years-old,Haran 12 Years Sherry Cask Finish,rejected,,arran malt sherry cask finish
326,cask-wizard-sicilian-fruitcake,Sicilian Fruitcake - The Cask Wizard,rejected,,kilchoman sauternes cask matured
313,the-targe-1994-cd-lidl-23-years,The Targe (1994),rejected,,glenrothes vintage 1998 (2014)
129,three-ships-12-years,Three Ships 12 Years,rejected,,teerenpeli suomi 100 juhlaviski
358,glenallachie-9yo-oloroso-2024-limited,GlenAllachie 9 Years Oloroso Sherry Cask Finish - The Wood Collection,rejected,,glen moray classic sherry cask finish
356,glenallachie-9yo-amontillado-2024-limited,GlenAllachie 9 Years Amontillado Sherry Cask Finish - The Wood Collection,rejected,,glen moray classic sherry cask finish
357,glenallachie-9yo-fino-2024-limited,GlenAllachie 9 Years Fino Sherry Cask Finish - The Wood Collection,rejected,,glen moray classic sherry cask finish
355,agitator-chestnut-cask,Agitator Chestnut Cask,rejected,,spirit of hven sankt claus
353,mybar-south-german-malt-tawny,MyBar South German Malt Whisky Tawny Port Finish,rejected,,arran malt port cask finish
346,st-kilian-german-whisky-day-2023,St. Kilian Tag des Deutschen Whiskys (2023),rejected,,bell's original scotch whisky
291,glentauchers-11-years-100-proof-signatory-vintage,Glentauchers 11 Years (2012/2024) - Signatory Vintage,rejected,,bladnoch vintage 1992-2007 (signatory)
316,mac-talla-red-wine-barriques,Mac-Talla Red Wine-Barriques,rejected,,kavalan solist vinho barrique
96,vink-peated-port-5-years,Vink Peated Port 5 Years,rejected,,kavalan concertmaster port cask
321,laphroaig-cairdeas-2024-cask-favourites,Laphroaig Cairdeas (2024) Cask Favourites 10 Years,rejected,,laphroaig cairdeas 2020 port & wine casks
284,mannochmore-port-finish-murray-mcdavid,Mannochmore Port Finish - Murray McDavid,rejected,,kavalan solist fino sherry cask
317,the-westfalian-cask-8,The Westfalian TW8,rejected,,westland peat week
315,lagavulin-8-years,Lagavulin 8 Years Old,rejected,,tamnavulin white wine cask
266,smws-grown-up-indulgences-royal-brackla,Royal Brackla (2009) Grown-Up Indulgences Cask 55.72 - The Scotch Malt Whisky Society,rejected,,shelter point classic single cask (kwm) single malt whisky
146,waterford-gaia-1-2,Waterford The Arcadian Organic Gaia 1.2,rejected,,suntory the chita single grain
310,st-kilian-single-cask-davids-choice,St. Kilian Single Cask – David’s Choice – Unpeated,rejected,,hakushu single malt heavily peated
265,nikka-days,Nikka Days,rejected,,nikka days
149,port-askaig-8-years,Port Askaig 8 Years,rejected,,powers signature release
138,isle-of-rasaay-batch-r02,Isle Of Raasay Batch R02,rejected,,barrell rye batch 002
302,balcones-baby-blue,Balcones Baby Blue,rejected,,balcones baby blue
148,wolfburn-love-potion,Wolfburn Love Potion,rejected,,wolfburn (nas)
112,isle-of-raasay-batch-r0-01,Isle of Raasay Core Batch R0.01,rejected,,barrell rye batch 002
285,hazelburn-2006-2022-15-years,Hazelburn 15 Years (2006/2022),rejected,,barrell bourbon new years batch 2018
178,m-h-pomegranate-batch-8,M&H APEX Pomegranate Batch 8,rejected,,aberlour a'bunadh (batch 58)
281,glenlivet-distillers-reserve,Glenlivet Distiller's Reserve,rejected,,glenlivet founder's reserve
301,gilors-2014-sherry-duett,Gilors (2014) Sherry Duett,rejected,,karuizawa 1990 sherry butt
143,kavalan-solist-ex-bourbon-cask,Kavalan Solist Ex Bourbon Cask B141231048A,rejected,,kavalan solist ex-bourbon
170,fettercairn-warehouse-2-batch-3,Fettercairn Warehouse 2 Batch 003,rejected,,barrell whiskey batch 002
98,glen-moray-fired-oak-10-years,Glen Moray Fired Oak 10 Years,rejected,,glenmorangie astar
94,glen-scotia-10-years-unpeated,Glen Scotia 10 Years unpeated,rejected,,glen moray classic peated
115,tamdhu-18-years,Tamdhu 18 Years,rejected,,amrut 100 peated
294,the-westfalian-cask-181,The Westfalian TW181,rejected,,westland peat week
158,darkness-glenrothes-12-oloroso,Glenrothes 12 Years Oloroso Finish - Darkness!,rejected,,glenrothes sherry cask reserve
269,balcones-pot-still-bourbon,Balcones Pot Still Bourbon,rejected,,barton 1792 port finished bourbon
155,glenallachie-8-years,GlenAllachie 8 Years,rejected,,glenlivet cipher
95,balmenach-8-years-barrique-cask-191-best-dram,Balmenach 8 Years (2013/2022) Barrique Finish - Best Dram,rejected,,angel’s envy rye (rum-finished)
176,cardhu-18-years,Cardhu 18 Years,rejected,,cardhu amber rock
88,longrow-peated-2021,Longrow Peated (2021),rejected,,longrow peated
125,horst-luening-batch-2-2021-10,Horst Lüning Blended Malt Batch 2 10 Years,rejected,,sheep dip blended malt
179,the-westfalian-2013-2021-cask-57,The Westfalian TW57,rejected,,westland peat week
182,ruadh-maor-12-dram-mor,Ruadh Maor 12 Years - Dràm Mòr,rejected,,bruichladdich port charlotte an turas mor
270,i-am-root-too-spirits-alchemist,"I Am Root, Too! - The Spirits Alchemist",rejected,,game of thrones the night’s watch oban bay reserve
278,penderyn-myth,Penderyn Myth,rejected,,penderyn myth
277,penderyn-legend,Penderyn Legend,rejected,,penderyn legend
279,penderyn-celt,Penderyn Celt,rejected,,penderyn celt
257,owensboro-anam-na-h-alba,Owensboro - Anam na h-Alba,rejected,,glenmorangie bacalta
128,balcones-texas-rye,Balcones Texas Rye,rejected,,balcones baby blue
282,torabhaig-allt-gleann-the-legacy-series,Torabhaig Allt Gleann The Legacy Series,rejected,,laphroaig the cask legacy
123,begemann-whisky-eichenschild,Begemann Whisky Eichenschild 5 Years,rejected,,barrell whiskey batch 005
86,loch-lomond-18-years,Loch Lomond 18 Years,rejected,,loch lomond nas
82,springbank-15,Springbank 15 Years,rejected,,springbank cv
81,springbank-10,Springbank 10 Years,rejected,,springbank cv
280,green-spot,Green Spot,rejected,,green spot
120,gilors-10-years-px-sherry,Gilors 10 Years PX Sherry,rejected,,kilchoman px sherry finish
276,port-ellen-1982-malts-of-scotland,Port Ellen (1982) - Malts of Scotland,rejected,,port ellen (all ob releases)
275,campbeltown-loch-2023,Campbeltown Loch Edition (2023),rejected,,compass box peat monster (all editions)
73,bunnahabhain-12-years,Bunnahabhain 12 Years,rejected,,bunnahabhain toiteach
274,blair-athol-9-years-old-100-proof-signatory-vintage,Blair Athol 9 Years (2014/2023) - Signatory Vintage,rejected,,oban distillers edition (all vintages)
273,lochlea-5-years-2018-2023,Lochlea 5 Years (2018/2023),rejected,,highland park magnus (2017)
272,westheimer-bierwhisky,Westheimer Bier-Whisky,rejected,,mister sam tribute whisky
108,deanston-11-years-brave-new-spirits-rebels-merlot-wine-barrique,Deanston 11 Years (2009/2021) - Cask 116 - Brave New Spirits,rejected,,deanston 2008 bordeaux red wine cask matured
19,talisker-18-years,Talisker 18 Years,rejected,,talisker skye
268,four-roses-small-batch,Four Roses Small Batch,rejected,,four roses small batch bourbon
147,glenlossie-12-years-malts-of-scotland,Glenlossie 12 Years (2009/2021) - Malts of Scotland,rejected,,glenrothes vintage 2001 (all bottlings)
184,p-and-m-red-oak-corsican,P&M Red Oak,rejected,,p&m blended whisky
117,82-chapters-to-new-castle-benrinnes-12-years,Benrinnes 12 Years - 82 Chapters to Newcastle,rejected,,st george's chapter 6 (unpeated)
267,benrinnes-15-years-2008-2023-malts-of-scotland,Benrinnes 15 Years (2008/2023) - Malts of Scotland,rejected,,glenrothes vintage 2001 (all bottlings)
261,tullibardine-500,Tullibardine 500,rejected,,tullibardine 500 sherry finish
260,tullibardine-228,Tullibardine 228,rejected,,tullibardine 1993 port
259,tullibardine-225,Tullibardine 225,rejected,,tullibardine 1993 port
258,tullibardine-sovereign,Tullibardine Sovereign,rejected,,tullibardine sovereign
262,tullibardine-8-years-100-proof-signatory-vintage,Tullibardine 8 Years (2015/2023) - Signatory Vintage,rejected,,tullibardine 1993 sauternes
185,gorfh-whiskey,GORFH Whiskey Cask 1,rejected,,ohishi sherry cask
142,the-old-friends-blair-athol-11,Blair Athol 11 Years (2009/2021) - The Old Friends,rejected,,laphroaig cairdeas 2020 port & wine casks
63,chivas-regal-12-years,Chivas Regal 12 Years,rejected,,chivas regal ultis
181,ben-nevis-10-dram-mor,Ben Nevis 10 Years (2013/2024) - Dràm Mòr,rejected,,barrell bourbon new years batch 2018
183,old-pulteney-18-years,Old Pulteney 18 Years,rejected,,old pulteney huddart
25,eagle-rare-10-years,Eagle Rare 10 Years,rejected,,wild turkey 101 rye
180,oban-distillery-exclusive-handfilled-11-batch-1,Oban Hand Filled Distillery Exclusive 11 Years Batch 1,rejected,,kavalan distillery reserve peaty cask
137,glenmorangie-the-quinta-ruban-14,Glenmorangie The Quinta Ruban 14 Years,rejected,,glenmorangie quinta ruban
177,rebels-00-malt-blend,"Rebels 0,0 Malt Blend",rejected,,buchanan's master blended
71,gauldrons-small-batch,Gauldrons Small Batch Release - Douglas Laing,rejected,,four roses small batch limited edition
169,edinburgh-castle-10,Edinburgh Castle 10 Years,rejected,,glenfiddich cask of dreams
87,glen-moray-15-years,Glen Moray 15 Years,rejected,,glen moray classic
174,dumbarton-rock,Dumbarton Rock Blended Whisky,rejected,,p&m blended whisky
173,redbreast-tawny-port,Redbreast Tawny Port,rejected,,redbreast lustau edition
171,jameson-black-barrel,Jameson Black Barrel,rejected,,jameson select reserve (black barrel)
172,82-chapters-to-new-castle-tormore-14,Tormore 14 Years - 82 Chapters to Newcastle,rejected,,st george's chapter 6 (unpeated)
168,buffalo-trace-45,Buffalo Trace (45%),rejected,,buffalo trace bourbon
134,buffalo-trace,Buffalo Trace (40%),rejected,,buffalo trace bourbon
141,sea-shepherd,Sea Shepherd,rejected,,westland sherry wood
126,talisker-surge,Talisker Surge,rejected,,talisker skye
161,jack-daniels-bonded,Jack Daniel's Bonded,rejected,,jack daniel's old no. 7
156,scallywag-10-douglas-laing,Scallywag 10 Years Small Batch Release - Douglas Laing,rejected,,scallywag cask strength (all batches)
119,an-cnoc-12-years,anCnoc 12 Years,rejected,,ancnoc cutter
77,kilkerran-12-years,Kilkerran 12 Years,rejected,,kilkerran work in progress
130,ardnamurchan-ad-02-22-peated,Ardnamurchan AD:02.22 Peated Cask Strength,rejected,,amrut peated cask strength
166,the-westfalian-10-port-charlotte,The Westfalian TW73,rejected,,westland peat week
165,82-chapters-to-new-castle-phil-dailuaine-10,Dailuaine 10 Years - 82 Chapters to Newcastle,rejected,,st george's chapter 6 (unpeated)
164,craigallachie-bas-armagnac-13-years,Craigellachie 13 Years Bas-Armagnac Cask Finish,rejected,,arran malt amarone cask finish
163,bookers-small-batch-2019-01-e,Bookers Small Batch (2019) 01E,rejected,,bowmore small batch
162,glenrothes-26-years-hart-brothers,Glenrothes 26 Years (1988/2014) - Hart Brothers,rejected,,glenrothes vintage 1998 (2014)
160,lochlea-cask-strength-batch-1,Lochlea Cask Strength Batch 1,rejected,,glengoyne cask strength (batch 1)
159,arran-10-years,Arran 10 Years,rejected,,amrut 100 peated
157,the-westfalian-2016-2021-single-corn,The Westfalian TW134,rejected,,westland peat week
83,the-westfalian-2016-2022-cask-121,The Westfalian TW121,rejected,,westland winter 2016
153,lochlea-sowing-edition-2crop,Lochlea Sowing Edition (Second Crop),rejected,,bowmore vault edition second release
154,scallywag-chocolate-2023-douglas-laing,Scallywag Chocolate Edition (2023) - Douglas Laing,rejected,,big peat (douglas laing)
107,aberfeldy-12-years,Aberfeldy 12 Years,rejected,,ardbeg auriverdes
121,blade-and-bow,Blade And Bow,rejected,,ardbeg an oa
37,dalmore-valour,Dalmore Valour,rejected,,dalmore valour
152,ardnamurchan-ad-10-21-06,Ardnamurchan AD 10.21:06,rejected,,barrell bourbon batch 016
100,patrisbrunna-madeira-2018,Patrisbrunna Madeira Cask (2018),rejected,,amrut madeira cask finish (batch 1)
150,st-kilian-signature-edition-thirteen,St. Kilian Signature Edition Thirteen,rejected,,santis edition sigel
1,dalwhinnie-15-years,Dalwhinnie 15 Years,rejected,,dalwhinnie distillers edition
140,penderyn-madeira-finish,Penderyn Madeira Finish,rejected,,penderyn madeira
144,redbreast-12-years-cask-strength-2022,Redbreast 12 Years Cask Strength (2022),rejected,,maker's mark cask strength
74,glendronach-the-hielan-8-years,Glendronach The Hielan 8 Years,rejected,,glendronach peated
109,laphroaig-brodir,Laphroaig Brodir Final Batch,rejected,,laphroaig px triple matured
60,the-black-grouse-alpha-edition,The Black Grouse Alpha Edition,rejected,,redbreast lustau edition
105,tomintoul-16-years,Tomintoul 16 Years,rejected,,tomintoul peaty tang
131,provenance-blair-athol-2010-10-douglas-laing,Blair Athol 10 Years (2007/2019) - Douglas Laing,rejected,,big peat (douglas laing)
62,the-cask-wizard-glenglassaugh-8,Glenglassaugh 8 Years (2013/2022) - The Cask Wizard,rejected,,glenglassaugh octaves classic
80,the-balvenie-15-madeira-cask,The Balvenie 15 Years Madeira Cask,rejected,,arran malt madeira wine cask
127,bruichladdich-classic-laddie,Bruichladdich The Classic Laddie,rejected,,bruichladdich sherry classic
97,glen-keith-21-years,Glen Keith 21 Years,rejected,,glen grant five decades
110,the-observatory-20-years,Macduff 20 Years - The Observatory,rejected,,amrut intermediate sherry
114,speyburn-18-years,Speyburn 18 Years,rejected,,penderyn aur cymru
101,patrisbrunna-xmas-port-2016,Patrisbrunna X-Mas Port (2016) Double Cask,rejected,,amrut double cask
116,82-chapters-to-new-castle-aultmore-13,Aultmore 13 Years - 82 Chapters to Newcastle,rejected,,st george's chapter 6 (unpeated)
99,patrisbrunna-single-malt-2016,Patrisbrunna Original Paderborner Single Malt (2016),rejected,,blanton's original bourbon single barrel
67,ardbeg-scorch,Ardbeg Scorch Committee Release,rejected,,ardbeg auriverdes
113,lochlea-fallow-edition,Lochlea Fallow Edition (First Crop),rejected,,bowmore vault edition first release
106,glenturret-30-years-1987-2018-xop-douglas-laing,Glenturret 30 Years (1987/2018) Xtra Old Particular - Douglas Laing,rejected,,glenrothes vintage 2001 (all bottlings)
111,wild-turkey-rare-breed,Wild Turkey Rare Breed,rejected,,wild turkey rare breed
84,redbreast-12-years,Redbreast 12 Years,rejected,,redbreast mano a lámh
8,cardhu-12-years,Cardhu 12 Years,rejected,,cardhu amber rock
11,knockando-12-years,Knockando 12 Years,rejected,,glencadam origin 1825 (nas)
79,stork-club-straight-rye,Stork Club Straight Rye Whiskey,rejected,,knob creek small batch straight rye whiskey
85,glen-scotia-double-cask,Glen Scotia Double Cask,rejected,,glen scotia double cask
68,balvenie-doublewood-12-years,The Balvenie 12 Years Doublewood,rejected,,balvenie tun 1401 (all batches)
9,clynelish-14-years,Clynelish 14 Years,rejected,,millstone 100 rye
38,scallywag-small-batch,Scallywag Small Batch Release - Douglas Laing,rejected,,teeling small batch (rum cask finish)
65,talisker-port-ruighe,Talisker Port Ruighe,rejected,,talisker port ruighe
32,slipknot-no-9,Slipknot No.9 Whiskey,rejected,,suntory old whisky
49,st-kilian-signature-edition-nine,St. Kilian Signature Edition Nine,rejected,,santis edition sigel
59,bulleit-10-years,Bulleit Bourbon 10 Years,rejected,,bulleit bourbon
52,ben-bracken-highland-peated,Ben Bracken Highland Peated,rejected,,teacher's highland cream
13,glen-elgin-12-years,Glen Elgin 12 Years,rejected,,glencadam origin 1825 (nas)
64,suntory-hibiki-harmony,Suntory Hibiki Harmony,rejected,,hibiki harmony
51,ben-bracken-speyside,Ben Bracken Speyside,rejected,,benriach heart of speyside
40,north-british-15-years-2003-mossburn,North British 15 Years (2003) Mossburn No. 24,rejected,,laphroaig cairdeas 2013 port wood
5,oban-14-years,Oban 14 Years,rejected,,tomatin decades
43,lagavulin-11-years-offerman,Lagavulin 11 Years Offerman Edition,rejected,,okanagan spirits laird of fintry (all editions)
58,roslagswhisky-eko,Roslagswhisky EKO Sherry Oloroso 2x30 (2015)-(2022),rejected,,smogen sherry project 1:2
61,lochlea-harvest-edition,Lochlea Harvest Edition (First Crop),rejected,,bowmore vault edition first release
6,talisker-10-years,Talisker 10 Years,rejected,,talisker skye
7,caol-ila-12-years,Caol Ila 12 Years,rejected,,macallan amber
12,royal-lochnagar-12-years,Royal Lochnagar 12 Years,rejected,,royal canadian small batch
2,cragganmore-12-years,Cragganmore 12 Years,rejected,,cragganmore nas (special release 2016)
3,glenkinchie-12-years,Glenkinchie 12 Years,rejected,,glenfiddich vintage cask
57,rock-island,Rock Island Small Batch Release - Douglas Laing,rejected,,teeling small batch (rum cask finish)
10,the-singleton-of-dufftown-12-years,The Singleton Of Dufftown 12 Years,rejected,,singleton of dufftown tailfire
56,kavalan-40th-anniversary-edition,Kavalan King Car 40th Anniversary Edition (2012/2020),rejected,,arran malt 21st anniversary edition
50,ben-bracken-highland,Ben Bracken Highland,rejected,,teacher's highland cream
41,berry-bros-rudd-blended-malt-speyside,Blended Malt Speyside - Berry Bros. & Rudd,rejected,,glen moray classic sherry cask finish
39,ardbeg-an-oa,Ardbeg An Oa,rejected,,ardbeg an oa
26,ardmore-port-wood-finish-12-years,Ardmore Port Wood Finish 12 Years,rejected,,dalmore port wood reserve
55,lochlea-our-barley,Lochlea Our Barley,rejected,,bulleit bourbon barrel strength
54,st-kilian-bud-spencer-the-legend-rauchig-batch-02,St. Kilian Bud Spencer - The Legend - Rauchig - Batch 02,rejected,,amrut spectrum 004 (batch 2)
53,82-chapters-to-newcastle-secret-speyside-13,Secret Speyside 13 Years - 82 Chapters to Newcastle,rejected,,st george's chapter 6 (unpeated)
48,starward-left-field,Starward Left-Field,rejected,,westland peated
44,mackmyra-intelligens-ai-02,Mackmyra Intelligens AI:02,rejected,,mackmyra special 02
45,redbreast-15-years,Redbreast 15 Years,rejected,,redbreast mano a lámh
31,johnnie-walker-black-label-12-years-sherry-finish,Johnnie Walker Black Label 12 Years Sherry Finish,rejected,,johnnie walker gold label reserve
46,ardbeg-ardcore-committee,Ardbeg Ardcore Committee Release,rejected,,ardbeg auriverdes
47,ardbeg-corryvreckan,Ardbeg Corryvreckan,rejected,,ardbeg corryvreckan
42,ardbeg-wee-beastie-5-years,Ardbeg Wee Beastie 5 Years,rejected,,ardbeg auriverdes
34,annandale-man-o-sword-founders-selection-cask-348-2017,Annandale (2017/2020) ManOSword Founders Selection Cask 348,rejected,,arran malt 21st anniversary edition
36,bunnahabhain-stiuireadair,Bunnahabhain Stiuireadair,rejected,,bunnahabhain stiuireadair
4,lagavulin-16-years,Lagavulin 16 Years,rejected,,tamnavulin white wine cask
35,mackmyra-intelligens-ai-01,Mackmyra Intelligens AI:01,rejected,,mackmyra special 01
33,kavalan-distillery-select-no-1,Kavalan Distillery Select No.1,rejected,,kavalan distillery reserve peaty cask
24,knockando-richly-matured-15-years-2005,Knockando Richly Matured 15 Years - (2005),rejected,,barrell bourbon new years batch 2018
30,glenmorangie-10-years,Glenmorangie 10 Years,rejected,,glenmorangie astar
23,dingle-single-malt-whiskey-2021,Dingle Single Malt Irish Whiskey (2021),rejected,,tyrconnell single malt irish whiskey
28,octomore-10-3-2013-2019-6-years,Octomore 10.3 6 Years (2013/2019),rejected,,forty creek port wood reserve 2011/2012
29,glenfiddich-12-years,Glenfiddich 12 Years,rejected,,glenfiddich cask of dreams
27,johnnie-walker-black-label-12-years,Johnnie Walker Black Label 12 Years,rejected,,johnnie walker blue label
22,paul-john-oloroso-select-cask,Paul John Oloroso Select Cask,rejected,,paul john classic select cask
20,nikka-whisky-from-the-barrel,Nikka Whisky From The Barrel,rejected,,nikka from the barrel
21,kinahans-irish-whiskey-kasc-project-batch-03,Kinahan's Irish Whiskey KASC Project Batch 03,rejected,,barrell whiskey batch 002
18,starward-octave-barrels-the-octavius-2018-2021-3-years-old,Starward Octave Barrels The Octavius 3 Years (2018/2021),rejected,,crown royal noble collection winter wheat (2021)
17,highland-park-15-years-viking-heart,Highland Park 15 Years Viking Heart,rejected,,highland park einar
15,elsburn-the-journey-2021,Elsburn The Journey (2021),rejected,,bruichladdich the organic 2010
14,apogee-xii-12-years,Apogee XII 12 Years,rejected,,glencadam origin 1825 (nas)
