api_id,name,age,abv
620,Nc'Nean Huntress Malted Teacake (2017/2026),0,48.5
619,Dalmore 10 Years (2007/2017) - A.D. Rattray,10,55.6
618,Littlemill (1991/2016) - Gordon & Company,25,52.8
617,Springbank 26 Years (1991/2018) - Berry Bros. & Rudd,26,44.9
616,Bunnahabhain 31 Years (1987/2019) - Wemyss Malts,31,44.7
615,Talisker 24 Years (1953) - Gordon & MacPhail,24,43
614,Brigantia 10 Years (2014/2024) Chardonnay Single Cask Distillery Exclusive,10,53.2
613,Brigantia 5 Years (2018/2023) Cognac Single Cask,5,58
609,St. Kilian Sonderabfüllung ex Apricot Brandy,4,50.7
612,St. Kilian ex Tokaji Aszú Single Cask (2019/2026),6,58.8
611,St. Kilian Signature Edition Seventeen,0,54.6
610,St. Kilian Exceptional Range ex Mugi Shochu – Mild,6,55.5
561,Aberfeldy 25 Year Old (2023) 125th Anniversary,25,46
151,St. Kilian Rich & Smoky (2022),0,46
139,St. Kilian Mild & Fruity (2022),0,46
608,Invergordon 35 Years (1987/2023) - Murray McDavid,35,48.1
607,Benromach 11 Years (2010/2022) Contrasts Peat Smoke,11,46
606,Benromach 12 Years (2012/2024) Contrasts High Enzyme,12,46
605,Benromach 9 Years (2014/2024) Contrasts unpeated,9,46
604,Kavalan Triple Sherry Cask (2021),0,40
603,Black Forest 8 Years (2014/2022) - vom Fass,8,41
602,Falken 5 Years (2022),5,43
601,Elsburn Rivesaltes Casks - Batch No. 001,0,46
600,Tormore 10 Years Blueprint Cream Sherry,10,48
599,Ardbeg 10 Years Cask Strength (2026),10,61.7
597,Thousand Mountains (2018/2022) Ex-Red Wine & Ex-Bourbon in Ex-Moscatel Finish - Genussraum Paderborn,4,58
598,Tormore 10 Years Blueprint Toasted Barrel,10,48
596,Longmorn 19 Years (1996/2015) - Signatory Vintage,19,53.9
592,Glencadam 15 Years (2006/2021),15,46
595,Kavalan Solist Brandy Cask (2014/2021),0,57.8
594,Glenfiddich IPA Experiment (2022),0,43
593,Smokehead 15 Years (2025) - Ian Mcleod,15,43
591,Bunnahabhain 11 Years (2018) - Gordon & MacPhail,11,43
590,Ledaig 17 Years (2006/2024) - Gordon & MacPhail,17,56.5
589,Nc'Nean Aon Amarone (2020/2025),0,59.3
588,Talisker 9 Years (2011/2020) - Hunter Laing,9,50
587,Daftmill 15 Years (2006/2022),15,55.7
586,Tamnavulin 11 Years (2013/2025) - James Eadie,11,57.4
584,Redbreast 21 Years,21,46
585,BenRiach 21 Years,21,46
583,Isle of Jura 30 Years (1994/2024) - Decadent Drinks,30,46
581,Teeling 21 Years - Rising Reserve No. 4 - White Wine Cask,21,46
540,Caol Ila (2011/2023) - Malts of Scotland,11,47.5
579,Mortlach 25 Years (2023) - Gordon & MacPhail,25,46
578,Linkwood 25 Years (2023) - Gordon & MacPhail,25,46
580,BenRiach 25 Years,25,46
507,Glenfarclas 21 Years,21,43
557,St. Kilian Exceptional Range Mizunara (2025) – Soft Peated,0,53.4
575,Glencadam Reserva Andalucia,0,46
550,St. Kilian Handfilled (2025) ex Dry Gin Heimat Distillers,0,59.7
538,St. Kilian Distiller's Choice Sonderedition 2 (2025),0,51.1
546,Deanston 12 Years (2012/2024) - The Cask Hound,12,57.8
543,GlenAllachie 10 Years CS Batch 8 (2022),10,57.2
549,Taketsuru Pure Malt,0,43
576,The Trinity - The Cask Wizard,12,55.5
577,Arran 25 Years (2020),25,46
547,Abasolo Mexican Corn Whisky,0,43
542,Wieser UUAHOUUA WIESky 7 Years - Pinot Noir,7,40
555,St. Kilian Whisky Bunker Reserve (2025) - Peated,0,56.1
567,Schlitzer Single Malt Klassisch,0,43
568,Nc'Nean Aon Calvados (2017/2025),7,60.1
560,Lot No. 40 Rye Whisky,0,43
556,St. Kilian Scorpions Crazy World – Unpeated,0,54
517,High West Double Rye Whiskey,0,46
506,Fettercairn (2006/2024) - Malts of Scotland,0,47.8
554,St. Kilian Signature Edition Sixteen,0,55.3
559,Islay (LA) 34 Years (1990/2025) - Signatory Vintage x Wu Dram Clan,34,51.7
545,Cameronbridge 14 Years Called to Submission - Brave New Spirits,14,50.3
551,Longmorn 40 Years (1975/2015) - Malts of Scotland,40,46.7
552,Strathisla 24 Years (1992/2016) - Malts of Scotland,24,56.2
539,GORFH Whiskey Oat (2025),7,48
536,Royal Brackla 11 Years (2009/2021) - van Wees,11,46
553,The Westfalian TW34,11,63.5
537,Glen Ord 10 Years (2011/2021) - van Wees,10,46
516,Gammelstilla Single Cask Nr. 2 (2024),7,53.5
535,Sherry Cask Matured Blended Malt Scotch Whisky - Berry Bros. & Rudd,0,44.2
532,Longmorn 11 Years (2014/2025) - James Eadie,11,52.4
548,Royal Brackla 10 Years (2014/2024) - Thompson Bros,10,55.3
292,The Westfalian TW86,10,56.5
307,The Westfalian TW256,4,59.1
533,Tormore 10 Years Blueprint Bourbon Barrel,10,48
534,Ardmore 12 Years (2012/2025) - Signatory Vintage,12,60.7
332,Mystic Lowlands (2011/2024) - Malts of Scotland,13,55.5
530,Turntable Spirits Unplugged,0,46
531,Finglassie 8 Years (2017/2025) - James Eadie,8,57.9
271,Aberfeldy 40 Years (1983/2023) - Malts of Scotland,40,47.2
529,Wolfburn 12 Years (2025),12,46
263,Old Pulteney 12 Years (2023),12,40
526,Och Aye the Coo,0,40
527,Glen Moray 14 Years (2007/2021) - Malts of Scotland,14,56.3
528,Oban The Macleans Young Teddy (2023),0,50.8
508,Blackwater The Full Irish (2024),0,48.5
525,Skellig Six18 Distillery (2024) Ruby Port Finish,6,58.7
524,Best Drinking Friends Release No. 3 (2018/2024),8,55.2
523,The Liberator Port 'n' Peat – Storehouse Special Batch 18,0,46
520,St. Kilian Scorpions – 60 Years of Rock,0,57.8
518,St. Kilian Scorpions - Rock Believer (2025),0,47
521,St. Kilian Signature Edition Fifteen,0,53.5
522,St. Kilian ex Sherry Oloroso Single Cask – Ultra Heavily Peated (2017/2024),6,58.9
519,St. Kilian Hedan (2021/2025),0,46
515,Ledaig 17 Years (2006/2024) - Gordon & MacPhail,17,56.5
513,Nc'Nean Aon White Port (2020/2025),0,61.1
514,Talisker Storm,0,45.8
512,Langatun 5 Years - Wajos,5,40
474,Tomatin Legacy,0,43
490,Bruichladdich 31 Years (1991) - Ralph Steadman X Cask 88,31,50.6
489,Glenburgie 24 Years (1997) - Ralph Steadman X Cask 88,24,55.2
488,Arran 24 Years (1996) - Ralph Steadman X Cask 88,24,44.7
510,Nc'nea Organic Batch 5 (2017/2021),0,46
511,Mortlach Midnight Dusk - Diageo Special Releases (2024),0,57.5
406,Ben Nevis 24 Years (1996/2020) - Sansibar,24,43.9
509,Caol Ila 11 Years Ambrosial Feast - Diageo Special Releases (2024),11,57.3
431,Cigar Malt 14 Years (2024) The Tasteful 8 - Brühler Whiskyhaus,14,50.6
390,Teaninich (2016/2023) - Sansibar,7,60.2
290,Allt-a-Bhainne (2006) A dreamy nighttime drink Cask 108.34 - The Scotch Malt Whisky Society,14,64.4
389,Glen Spey (2015/2023) - Sansibar,7,60.1
433,Distilled in Australia 7 Years (2024) The Tasteful 8 - Brühler Whiskyhaus,7,55.3
504,Glendronach Cask Strength Batch 12,0,58.2
501,Royal Brackla 12 Years,12,40
502,M&H APEX White Wine,0,61.2
505,Talisker 8 Years Tidal Churn - Diageo Special Releases (2024),8,58.7
503,GlenAllachie 14 Years (2010/2024) - Koval Bourbon Barrel,14,62.4
426,Glenlivet 13 Years 1st Fill American Oak,13,40
385,St. Kilian Double Trouble – Peated,0,59.5
404,Braeval (1994/2019) - Sansibar,0,44.5
500,Stauning Heather Distillery Edition (2017/2021),0,47.8
498,Eiskeller-Whisky 12 Years Single Cask Fass 4,12,56.6
499,Steinkeller-Whisky 12 Years Single Cask Fass 8,12,40
494,Wolfburn Langskip,0,58
496,Wolfburn Cognac Cask 8 Years (2017/2025),8,46
492,Wolfburn Vibrant Stills Sauternes Cask 8 Years (2016/2024),8,50
495,Wolfburn 10 Years (2023 Release),10,46
493,Wolfburn Vibrant Stills Bourbon Barrel 8 Years (2015/2023),8,50
497,Glen Garioch 21 Years (2003/2024) - Wu DRAM Clan,21,53.9
312,St. Kilian Single Cask – Ultra Heavily Peated,6,58.9
283,Ardmore (2010) A Dream Of Scotland - Brühler Whiskyhaus,12,56.2
435,Distilled at South Islay 13 Years (2024) The Tasteful 8 - Brühler Whiskyhaus,13,56.9
374,St. Kilian Judas Priest Turbo – Unpeated (2024),0,48
343,Nc'Nean Organic Batch 20 (2019/2023),0,46
434,Highland Park 13 Years (2024) The Tasteful 8 - Brühler Whiskyhaus,13,57.7
486,Baker's 7 (2015/2023),8,53.5
396,St. Kilian Handfilled Whisky – ex Champagner Vin Clair – Unpeated,0,60.9
387,Glen Moray (2015/2023) - Sansibar,7,62
432,Secret Speyside (M) 17 Years (2024) The Tasteful 8 - Brühler Whiskyhaus,17,53.7
351,St. Kilian Handfilled Rye & Jack Daniels,4,50.7
386,Inchgower (2010/2023) - Sansibar,12,57.6
427,Balblair 33 Years (1989) Espresso romano Cask 70.48 - The Scotch Malt Whisky Society,33,62.3
491,Ardbeg 7 Years (2017/2025) Bohemian Schnapsidee - VAME Malts,7,57.1
420,Speyside Distillery 15 Years (2008/2024),15,46
418,Tomatin 17 Years (2006/2024),17,46
414,Tobermory 12 Years (2017),12,46.3
296,Nikka Coffey Malt Whisky,0,45
417,Port Charlotte 18 Years (2004/2023),18,54.3
395,St. Kilian Whisky Solera – Peated – III (2024),0,57.6
452,The Westfalian TW40,10,69.6
429,Distilled in Ireland 21 Years (2024) The Tasteful 8 - Brühler Whiskyhaus,21,49.7
478,Glenlossie 19 Years (1997/2016) - Signatory Vintage,19,46
398,St. Kilian Terence Hill – The Hero – Whisky (mild),0,46
349,Schroll Tegelberg Laphroaig Cask,0,45
487,Nc'Nean Huntress Lemon Meadow (2019/2025),0,48.5
430,Caperdonich 27 Years (2024) The Tasteful 8 - Brühler Whiskyhaus,27,52.1
375,St. Kilian Heavy Metal Edition Birmingham – Home of Metal – Unpeated,0,60.6
286,Allt-a-Bhainne (2008/2019) Scottish Roadsign Edition No. 11 - Flickenschild,10,59.1
394,St. Kilian Signature Edition Fourteen – Unpeated,0,49.8
403,Octomore 13 Years (2024) The Tasteful 8 - Brühler Whiskyhaus,13,58.1
341,Nc'Nean (2017/2024) STR Cask - Best Dram,6,54.3
391,Glen Elgin (2008/2020) - Sansibar,0,58.7
451,Ledaig 16 Years (2005/2022) - Signatory Vintage,16,66.1
450,Craigellachie 10 Years (2012/2023) - Signatory Vintage,10,67.4
449,GlenAllachie 12 Years (2009/2022) - Signatory Vintage,12,66.4
485,Ardnamurchan AD 04.22:02,0,46.8
463,HeiligenBergFeld (2020/2024) Rum Barbados Cask,0,60.2
481,Benrinnes 21 Years Grand Crescendo - Diageo Special Releases (2024),21,55.4
472,Talisker Skye,0,45.8
484,Bruichladdich 30 Years (1993/2023) - Malts of Scotland,30,45.8
483,Benromach 40 Years Batch 2 (2022),40,56.5
393,St. Kilian Exceptional Range Mizunara – Peated,0,54
295,Nikka Coffey Grain Whisky,0,45
479,Cap a Pie (2018) - Michel Couvreur,0,45
482,Glen Moray Port Cask Finish,0,40
475,Woodford Reserve Kentucky Derby 148,0,45.2
476,Woodford Reserve Distiller's Select,0,43.2
480,Tomatin (2009/2021) - Gordon & MacPhail,0,43
446,The English 9 Years (2013) Slicing and dicing Cask 137.18 - The Scotch Malt Whisky Society,9,67.3
477,Puni Sole 4 Years (2017),4,46
447,Ben Nevis 10 Years (2013) Mingle into darkness Cask 78.84 - The Scotch Malt Whisky Society,10,67.3
411,Mac-Talla (2009/2024) Feis Ile (2024) - Morrison Scotch Whisky Distillers,0,53.7
416,Ballindalloch 8 Years (2016/2024),8,60.8
422,Glen Scotia 14 Years (2024) Icons of Campbeltown - Release No. 2: The Dragon,14,56.8
473,Kingsbarns Balcomie,0,46
407,Kilkerran 8 Years (2024) Batch 10,8,57.4
466,Deanston 12 Years,12,46.3
471,Teeling Rose Wine Cask (2022),0,46
467,Roseisle 12 Years Origami Kite 2 - Diageo Special Releases (2024),12,55.6
334,Compass Box Artist Blend,0,43
470,Talisker x Parley - Wilder Seas - XO Cognac Cask Finish (2023),0,48.6
469,Lagavulin 12 Years (2024) Fireside Tales - Diageo Special Releases (2024),12,57.4
440,Highland Park 18 Years (2006/2024) - Signatory Vintage,18,52
344,Nc'Nean Organic (2019/2024) Cask Strength Batch GD06,0,59.6
468,Jameson Caskmates IPA Edition (2017),0,40
399,Ayrer's Red Organic Single Malt (2019/2024),0,43.2
454,Glenturret 12 Years (2024),12,46.4
412,Glenfiddich 23 Years (2023) Rude Olph - VAME Malts,23,47.2
423,Lichtburg 21 Years (2001/2023) Historic Series No. 8 - Rolf Kaspar GmbH,21,53.6
461,HeiligenBergFeld (2018/2022) Oloroso Sherry Cask,0,57.8
464,Dun Naomhaig Bay Batch 2 (2023) - Feinkost Reifferscheid,0,56
465,Dun Naomhaig Bay Batch 1 (2022) - Feinkost Reifferscheid,0,56.2
448,Tormore 12 Years (2011) Spiced vanilla chai cake Cask 105.45 - The Scotch Malt Whisky Society,12,66.8
388,Auchroisk 12 Years (2010/2023) - Sansibar,12,60.8
462,HeiligenBergFeld 3 Years (2020/2023) PX Cask,3,57.9
460,Craigellachie (2013/2024) - Malts of Scotland,0,61.2
455,Goa Indian Whisky Ratafia Champenois Cask T-073,6,46.4
419,Lagavulin 11 Years (2024) Offerman 4th Edition,11,46
376,St. Kilian Grave Digger Erdfassreifung Exhumation – Chapter II – Peated,0,50.8
405,Port Charlotte 14 Years (2023) - Brühler Whiskyhaus,14,56.2
453,Glenturret Triple Wood (2024),0,44
400,Johnnie Walker 18 Years,18,40
342,Nc'Nean Huntress Orchard Cobbler (2019/2024),0,48.5
410,The Balvenie 14 Years (2009) A Collection of Curious Casks,14,47.8
413,Kilchoman Batch Strength (2024),0,57
327,Compass Box Ultramarine,0,51
330,Compass Box Metropolis,0,49
437,Cameronbridge 34 Years (1984/2019) - van Wees,34,54.9
345,Nc'Nean Quiet Rebels Gordon (2009/2023),0,48.5
415,Bowmore 10 Years (2013/2024) - Douglas Laing,10,58.4
424,Glenfarclas (2012/2024) The Trinity Vintage Series,0,46
442,Blended Scotch Whisky 40 Years (2024) - Living Souls,40,41.2
444,Islay Blended Malt Scotch Whisky Kildalton 19 Years (2024) - Living Souls,19,42
445,Ledaig and Tobermory 18 Years (2024) - Living Souls,18,41
443,Blended Scotch Whisky 15 Years (2024) - Living Souls,15,46
408,Ruadh Maor (2011/2024) Jack the Ripper - Malts of Scotland,0,55.6
428,Macallan 20 Years (2003/2023) Speymalt - Gordon & MacPhail,20,58.3
401,Meikle Tòir 5 Years The Chinquapin One (2023),5,48
93,Betz Sauternes Cask (2017/2022) Batch 1,5,43
92,Betz Rye Single Cask (2017/2022) 50,4,48
91,Betz PX Single Cask (2017/2021) 52,4,43
90,Betz Master Blend Batch 4,0,46
425,Ballechin 19 Years (2004/2023),19,55
436,Glenlivet Nadurra (2015),0,59.8
409,North British 31 Years (1991) - Hogshead Imports,31,46.7
441,Macallan 20 Years (2004/2024) Speymalt - Gordon & MacPhail,20,59.4
421,Aberfeldy 18 Years (2021) French Red Wine Casks,18,43
438,Deanston 11 Years (2012/2023) - Best Dram,11,55.7
439,Edradour 12 Years (2012/2024) Frühburgunder Barrique Finish,12,46
350,Sild Flören (2018/2023) Single Cask 5 Years,5,50.1
329,Compass Box Delos,0,49
309,St. Kilian Single Cask – Irish Style – Unpeated,5,57.4
124,Macallan 12 Years Double Cask,12,40
288,Ardmore 15 Years (2007/2023) Mouton bouillie Cask 66.239 - The Scotch Malt Whisky Society,15,57.9
299,Single Malt Miyagikyo,0,45
293,The Westfalian TW74,10,64.1
402,St. Kilian Bud Spencer - The Legend - Rauchig - Batch 03,0,49
384,St. Kilian Sie nannten ihn Spencer – Unpeated,0,59.1
397,anCnoc 18 Years (2024),18,46
382,Ben Nevis 10 Years (2014/2024) - James Eadie,10,58.9
380,Teaninich 11 Years Malaga Cask Finish - James Eadie,11,48.3
392,The English Whisky Infinity Cask - Distillery Exclusive (2024) Batch 3,0,48.7
331,Dailuaine (2012/2022) - Malts of Scotland,10,57.1
136,Elsburn The Journey (2020),0,43
289,Ardmore 13 Years (2008/2023) - Signatory Vintage,13,59
75,Glenfiddich Reserve Cask,0,40
378,Glenturret 29 Years (1987/2017) - Cadenhead's,29,42.1
76,Glenfiddich Select Cask,0,40
89,Betz Jamaica Rum Cask (2017/2022) Batch 1,5,51
287,Allt-a-Bhainne 17 Years (2005) Infrequent Flyers - Alistair Walker Whisky Company,17,60.1
379,Royal Brackla 10 Years (2014/2024) - James Eadie,10,46
381,Caol Ila 9 Years (2015/2024) - James Eadie,9,54.9
383,Craigellachie (2013/2024) Margaux Cask London Showcase - Berry Bros. & Rudd,0,54
298,Single Malt Miyagikyo Aromatic Yeast Edition (2022),0,47
297,Nikka The Grain Whisky,0,48
300,Single Malt Yoichi,0,45
362,Four Roses Single Barrel,0,50
78,Glen Moray 19 Years (1998/2017) - Malts of Scotland,19,54.8
304,Emill Kraftwerk,0,58.7
103,Glenlivet 12 Years Double Oak,12,40
264,Lindores Abbey MCDXCIV,0,46
311,St. Kilian Single Cask – Turf Tail Distillers Cut – Peated,0,58.7
72,Timorous Beastie Small Batch Release - Douglas Laing,0,46.8
367,St. Kilian Signature Edition Four,3,48
305,The Westfalian TW129,7,53.1
347,finch Distillers Choice Barrique R,8,42
320,Teaninich (2008/2021) - Signatory Vintage,13,46
377,Turntable Spirits Track 6: All My Life,0,46
348,Nine Springs 10 Years PX Finish,10,46
133,Breizh Blended,0,42
373,Teeling 21 Years - Rising Reserve No. 3 - Ruby Port Cask,21,46
372,Evermann Wilhelm Single Malt Whisky,0,42
371,Evermann Theo Blended Whisky,0,40
104,Tomintoul 14 Years,14,46
319,Glen Moray 12 Years (2008/2021) old - Rum Matured & Cognac Finish,12,57.83
102,Patrisbrunna Peated (2017),4,40
333,Glenrothes (2013/2024) - Malts of Scotland,0,57
370,Teeling Single Pot Still (2024),0,46
369,WillowBurn The Distillery Exclusive Cask (1445),0,60.6
365,Glenalba 25 Years Madeira Finish,25,41.4
70,Epicurean Small Batch Release - Douglas Laing,0,46.2
368,Whesskey - Hessian Corn Whisky - 10 Years,10,64.7
359,Stauning Smoke Distillery Edition Calvados Cask,3,62.2
360,Stauning Barley Distillery Edition Makers Mark Bourbon Cask,4,45.8
322,Jura 10 Years,10,40
366,Teeling Whiskey Wonders of Wood Series 3 Swedish Oak,0,50
325,Dailuaine (2012/2022) #308764 - Signatory Vintage,9,59.2
361,Beauchamp Whisky Pur Malt,0,46
364,Miltonduff (2009/2011) - Singatory Vintage,11,46
167,Kavalan SOLIST Fino Sherry Cask,0,57.8
69,Big Peat Small Batch Release - Douglas Laing,0,46
306,Balcones Brimstone,0,53
314,Speyburn 16 Years,16,43
16,Benromach 10 Years,10,43
363,Balcones Bourbon Ratafia Champenois Cask T-053,6,55.2
175,Beverbach Wheat Malt Einbecker German Beer Cask Finish,5,43
122,Old Forester 86 Proof,0,43
256,Maclean’s Nose,0,46
308,St. Kilian The Early Days – Ketterer Wash X St. Kilian – Unpeated,8,58.3
328,Compass Box Celestial,0,50
145,Teeling Riesling Wine Cask Grand Cru Edition (2021),0,46
324,Fettercairn 4th Release 16 Years (2023),16,46.4
318,Glenfarclas 15 Years,15,46
323,Haran 12 Years Sherry Cask Finish,12,43
326,Sicilian Fruitcake - The Cask Wizard,10,59.1
313,The Targe (1994),23,44
129,Three Ships 12 Years,12,46.3
358,GlenAllachie 9 Years Oloroso Sherry Cask Finish - The Wood Collection,9,48
356,GlenAllachie 9 Years Amontillado Sherry Cask Finish - The Wood Collection,9,48
357,GlenAllachie 9 Years Fino Sherry Cask Finish - The Wood Collection,9,48
355,Agitator Chestnut Cask,0,43
353,MyBar South German Malt Whisky Tawny Port Finish,0,51
346,St. Kilian Tag des Deutschen Whiskys (2023),4,53.3
291,Glentauchers 11 Years (2012/2024) - Signatory Vintage,11,57.1
316,Mac-Talla Red Wine-Barriques,0,53.8
96,Vink Peated Port 5 Years,5,44.7
321,Laphroaig Cairdeas (2024) Cask Favourites 10 Years,10,52.4
284,Mannochmore Port Finish - Murray McDavid,0,44.5
317,The Westfalian TW8,12,62.5
315,Lagavulin 8 Years Old,8,48
266,Royal Brackla (2009) Grown-Up Indulgences Cask 55.72 - The Scotch Malt Whisky Society,12,58.1
146,Waterford The Arcadian Organic Gaia 1.2,0,50
310,St. Kilian Single Cask – David’s Choice – Unpeated,5,58.4
265,Nikka Days,0,40
149,Port Askaig 8 Years,8,45.8
138,Isle Of Raasay Batch R02,0,46.6
302,Balcones Baby Blue,0,46
148,Wolfburn Love Potion,0,46
112,Isle of Raasay Core Batch R0.01,0,46.4
285,Hazelburn 15 Years (2006/2022),15,54.2
178,M&H APEX Pomegranate Batch 8,0,59.9
281,Glenlivet Distiller's Reserve,0,40
301,Gilors (2014) Sherry Duett,7,46.4
143,Kavalan Solist Ex Bourbon Cask B141231048A,0,57.1
170,Fettercairn Warehouse 2 Batch 003,0,50.6
98,Glen Moray Fired Oak 10 Years,10,40
94,Glen Scotia 10 Years unpeated,10,40
115,Tamdhu 18 Years,18,46.8
294,The Westfalian TW181,7,58
158,Glenrothes 12 Years Oloroso Finish - Darkness!,12,56.6
269,Balcones Pot Still Bourbon,0,46
155,GlenAllachie 8 Years,8,46
95,Balmenach 8 Years (2013/2022) Barrique Finish - Best Dram,8,54.2
176,Cardhu 18 Years,18,40
88,Longrow Peated (2021),0,46
125,Horst Lüning Blended Malt Batch 2 10 Years,10,46
179,The Westfalian TW57,8,53.9
182,Ruadh Maor 12 Years - Dràm Mòr,12,56.4
270,"I Am Root, Too! - The Spirits Alchemist",5,62.1
278,Penderyn Myth,0,41
277,Penderyn Legend,0,41
279,Penderyn Celt,0,41
257,Owensboro - Anam na h-Alba,3,59.9
128,Balcones Texas Rye,0,50
282,Torabhaig Allt Gleann The Legacy Series,0,46
123,Begemann Whisky Eichenschild 5 Years,5,40
86,Loch Lomond 18 Years,18,46
82,Springbank 15 Years,15,46
81,Springbank 10 Years,10,46
280,Green Spot,0,40
120,Gilors 10 Years PX Sherry,10,60.1
276,Port Ellen (1982) - Malts of Scotland,0,58.1
275,Campbeltown Loch Edition (2023),0,46
73,Bunnahabhain 12 Years,12,46.3
274,Blair Athol 9 Years (2014/2023) - Signatory Vintage,9,57.1
273,Lochlea 5 Years (2018/2023),5,50
272,Westheimer Bier-Whisky,0,46
108,Deanston 11 Years (2009/2021) - Cask 116 - Brave New Spirits,11,54.8
19,Talisker 18 Years,18,45.8
268,Four Roses Small Batch,0,45
147,Glenlossie 12 Years (2009/2021) - Malts of Scotland,12,57.3
184,P&M Red Oak,0,42
117,Benrinnes 12 Years - 82 Chapters to Newcastle,12,57.2
267,Benrinnes 15 Years (2008/2023) - Malts of Scotland,15,56.4
261,Tullibardine 500,0,43
260,Tullibardine 228,0,43
259,Tullibardine 225,0,43
258,Tullibardine Sovereign,0,43
262,Tullibardine 8 Years (2015/2023) - Signatory Vintage,8,57.1
185,GORFH Whiskey Cask 1,4,43.5
142,Blair Athol 11 Years (2009/2021) - The Old Friends,11,54
63,Chivas Regal 12 Years,12,40
181,Ben Nevis 10 Years (2013/2024) - Dràm Mòr,10,57.4
183,Old Pulteney 18 Years,18,46
25,Eagle Rare 10 Years,10,45
180,Oban Hand Filled Distillery Exclusive 11 Years Batch 1,11,53.8
137,Glenmorangie The Quinta Ruban 14 Years,14,46
177,"Rebels 0,0 Malt Blend",0,0
71,Gauldrons Small Batch Release - Douglas Laing,0,46.2
169,Edinburgh Castle 10 Years,10,40
87,Glen Moray 15 Years,15,40
174,Dumbarton Rock Blended Whisky,0,46
173,Redbreast Tawny Port,0,46
171,Jameson Black Barrel,0,40
172,Tormore 14 Years - 82 Chapters to Newcastle,14,61.6
168,Buffalo Trace (45%),0,45
134,Buffalo Trace (40%),0,40
141,Sea Shepherd,0,43
126,Talisker Surge,0,45.8
161,Jack Daniel's Bonded,4,50
156,Scallywag 10 Years Small Batch Release - Douglas Laing,10,46
119,anCnoc 12 Years,12,40
77,Kilkerran 12 Years,12,46
130,Ardnamurchan AD:02.22 Peated Cask Strength,0,58.2
166,The Westfalian TW73,10,53.3
165,Dailuaine 10 Years - 82 Chapters to Newcastle,10,55.6
164,Craigellachie 13 Years Bas-Armagnac Cask Finish,13,46
163,Bookers Small Batch (2019) 01E,6,62.95
162,Glenrothes 26 Years (1988/2014) - Hart Brothers,26,50.5
160,Lochlea Cask Strength Batch 1,0,60.1
159,Arran 10 Years,10,46
157,The Westfalian TW134,5,55.8
83,The Westfalian TW121,6,52.9
153,Lochlea Sowing Edition (Second Crop),0,46
154,Scallywag Chocolate Edition (2023) - Douglas Laing,0,48
107,Aberfeldy 12 Years,12,40
121,Blade And Bow,0,45.5
37,Dalmore Valour,0,40
152,Ardnamurchan AD 10.21:06,0,46.8
100,Patrisbrunna Madeira Cask (2018),4,46
150,St. Kilian Signature Edition Thirteen,4,53.9
1,Dalwhinnie 15 Years,15,43
140,Penderyn Madeira Finish,0,46
144,Redbreast 12 Years Cask Strength (2022),12,58.1
74,Glendronach The Hielan 8 Years,8,46
109,Laphroaig Brodir Final Batch,0,48
60,The Black Grouse Alpha Edition,0,40
105,Tomintoul 16 Years,16,40
131,Blair Athol 10 Years (2007/2019) - Douglas Laing,10,46
62,Glenglassaugh 8 Years (2013/2022) - The Cask Wizard,8,47.3
80,The Balvenie 15 Years Madeira Cask,15,43
127,Bruichladdich The Classic Laddie,0,50
97,Glen Keith 21 Years,21,43
110,Macduff 20 Years - The Observatory,20,40
114,Speyburn 18 Years,18,46
101,Patrisbrunna X-Mas Port (2016) Double Cask,4,46
116,Aultmore 13 Years - 82 Chapters to Newcastle,13,57.4
99,Patrisbrunna Original Paderborner Single Malt (2016),5,58
67,Ardbeg Scorch Committee Release,0,51.7
113,Lochlea Fallow Edition (First Crop),3,46
106,Glenturret 30 Years (1987/2018) Xtra Old Particular - Douglas Laing,30,45.3
111,Wild Turkey Rare Breed,0,58.4
84,Redbreast 12 Years,12,40
8,Cardhu 12 Years,12,40
11,Knockando 12 Years,12,43
79,Stork Club Straight Rye Whiskey,0,45
85,Glen Scotia Double Cask,0,46
68,The Balvenie 12 Years Doublewood,12,40
9,Clynelish 14 Years,14,46
38,Scallywag Small Batch Release - Douglas Laing,0,46
65,Talisker Port Ruighe,0,45.8
32,Slipknot No.9 Whiskey,3,45
49,St. Kilian Signature Edition Nine,3,55.3
59,Bulleit Bourbon 10 Years,10,45.6
52,Ben Bracken Highland Peated,0,40
13,Glen Elgin 12 Years,12,43
64,Suntory Hibiki Harmony,0,43
51,Ben Bracken Speyside,0,40
40,North British 15 Years (2003) Mossburn No. 24,15,46
5,Oban 14 Years,14,43
43,Lagavulin 11 Years Offerman Edition,11,46
58,Roslagswhisky EKO Sherry Oloroso 2x30 (2015)-(2022),7,46.3
61,Lochlea Harvest Edition (First Crop),3,46
6,Talisker 10 Years,10,45.8
7,Caol Ila 12 Years,12,43
12,Royal Lochnagar 12 Years,12,40
2,Cragganmore 12 Years,12,40
3,Glenkinchie 12 Years,12,43
57,Rock Island Small Batch Release - Douglas Laing,0,46.8
10,The Singleton Of Dufftown 12 Years,12,40
56,Kavalan King Car 40th Anniversary Edition (2012/2020),0,56.3
50,Ben Bracken Highland,0,40
41,Blended Malt Speyside - Berry Bros. & Rudd,0,44.2
39,Ardbeg An Oa,0,46.6
26,Ardmore Port Wood Finish 12 Years,12,46
55,Lochlea Our Barley,0,46
54,St. Kilian Bud Spencer - The Legend - Rauchig - Batch 02,0,49
53,Secret Speyside 13 Years - 82 Chapters to Newcastle,13,56.2
48,Starward Left-Field,0,40
44,Mackmyra Intelligens AI:02,0,46.1
45,Redbreast 15 Years,15,46
31,Johnnie Walker Black Label 12 Years Sherry Finish,12,40
46,Ardbeg Ardcore Committee Release,0,50.1
47,Ardbeg Corryvreckan,0,57.1
42,Ardbeg Wee Beastie 5 Years,5,47.4
34,Annandale (2017/2020) ManOSword Founders Selection Cask 348,0,60.6
36,Bunnahabhain Stiuireadair,0,46.3
4,Lagavulin 16 Years,16,43
35,Mackmyra Intelligens AI:01,0,46.1
33,Kavalan Distillery Select No.1,0,40
24,Knockando Richly Matured 15 Years - (2005),15,43
30,Glenmorangie 10 Years,10,40
23,Dingle Single Malt Irish Whiskey (2021),0,46.3
28,Octomore 10.3 6 Years (2013/2019),6,61.3
29,Glenfiddich 12 Years,12,40
27,Johnnie Walker Black Label 12 Years,12,40
22,Paul John Oloroso Select Cask,0,48
20,Nikka Whisky From The Barrel,0,51.4
21,Kinahan's Irish Whiskey KASC Project Batch 03,0,43
18,Starward Octave Barrels The Octavius 3 Years (2018/2021),3,48
17,Highland Park 15 Years Viking Heart,15,44
15,Elsburn The Journey (2021),0,43
14,Apogee XII 12 Years,12,46.3
