whisky_id,old_whisky_id,whisky_name,production_bottle_name,mapped_name,mapping_score,mapping_method,flavor_profile,flavor_vector,flavor_tags,flavor_source,flavor_match_score,flavor_data_confidence,notes_for_review
WDB-00441,W000441,amrut fusion,Amrut Fusion,Amrut Fusion,100,exact,"{""fruity"": 0.0, ""sweet"": 9.0, ""spicy"": 0.0, ""smoky_peaty"": 2.0, ""oak_cask"": 1.0, ""floral_herbal"": 0.0, ""malty_cereal"": 7.0}","{""complex"": 1.0, ""mild"": 1.0, ""barley"": 2.0, ""malty"": 1.0, ""sugar"": 1.0, ""tobacco"": 1.0, ""vanilla"": 3.0, ""creamy"": 2.0, ""smokey"": 2.0, ""sweet"": 4.0, ""caramel"": 1.0}","[""sweet"", ""vanilla"", ""barley"", ""creamy"", ""smokey""]",production_data.csv,100,high,MAPPED
WDB-00117,W000117,amrut kadhambam,Amrut Kadhambam,Amrut Kadhambam,100,exact,"{""fruity"": 7.0, ""sweet"": 21.0, ""spicy"": 0.0, ""smoky_peaty"": 0.0, ""oak_cask"": 4.0, ""floral_herbal"": 0.0, ""malty_cereal"": 19.0}","{""cherry"": 1.0, ""fruity"": 2.0, ""orange"": 2.0, ""raisins"": 2.0, ""old"": 2.0, ""chocolate"": 10.0, ""cocoa"": 2.0, ""toffee"": 2.0, ""coffee"": 2.0, ""vanilla"": 3.0, ""sherry"": 4.0, ""bitter"": 2.0, ""oak"": 2.0, ""rich"": 4.0, ""salty"": 4.0, ""sweet"": 2.0, ""amber"": 3.0, ""caramel"": 2.0}","[""chocolate"", ""sherry"", ""rich"", ""salty"", ""vanilla""]",production_data.csv,100,high,MAPPED
WDB-00089,W000089,amrut portonova,Amrut Portonova,Amrut Portonova,100,exact,"{""fruity"": 2.0, ""sweet"": 6.0, ""spicy"": 1.0, ""smoky_peaty"": 0.0, ""oak_cask"": 2.0, ""floral_herbal"": 0.0, ""malty_cereal"": 8.0}","{""raisins"": 2.0, ""old"": 2.0, ""chocolate"": 2.0, ""tobacco"": 2.0, ""sherry"": 2.0, ""bitter"": 2.0, ""rich"": 2.0, ""spicy"": 1.0, ""sweet"": 3.0, ""caramel"": 1.0}","[""sweet"", ""raisins"", ""old"", ""chocolate"", ""tobacco""]",production_data.csv,100,high,MAPPED
WDB-00822,W000822,amrut indian single malt,Amrut Single Malt Whisky,Amrut Indian Single Malt,100,exact,"{""fruity"": 1.0, ""sweet"": 1.0, ""spicy"": 0.0, ""smoky_peaty"": 0.0, ""oak_cask"": 0.0, ""floral_herbal"": 0.0, ""malty_cereal"": 4.0}","{""fruity"": 1.0, ""malty"": 2.0, ""bitter"": 2.0, ""sweet"": 1.0}","[""malty"", ""bitter"", ""fruity"", ""sweet""]",production_data.csv,100,high,MAPPED
WDB-01151,W001151,ancnoc rutter,AnCnoc Rutter,AnCnoc Rutter,100,exact,"{""fruity"": 2.0, ""sweet"": 0.0, ""spicy"": 1.0, ""smoky_peaty"": 0.0, ""oak_cask"": 2.0, ""floral_herbal"": 1.0, ""malty_cereal"": 4.0}","{""apple"": 2.0, ""earthy"": 2.0, ""light"": 4.0, ""floral"": 1.0, ""spices"": 1.0}","[""light"", ""apple"", ""earthy"", ""floral"", ""spices""]",production_data.csv,100,high,MAPPED
WDB-01654,W001654,angel's envy cask strength,Angel's Envy Cask Strength,Angel's Envy Cask Strength,100,exact,"{""fruity"": 0.0, ""sweet"": 13.0, ""spicy"": 0.0, ""smoky_peaty"": 0.0, ""oak_cask"": 4.0, ""floral_herbal"": 0.0, ""malty_cereal"": 16.0}","{""dry"": 2.0, ""mild"": 2.0, ""butterscotch"": 1.0, ""sugar"": 4.0, ""bitter"": 10.0, ""oak"": 4.0, ""sweet"": 6.0, ""brown"": 2.0, ""caramel"": 2.0}","[""bitter"", ""sweet"", ""sugar"", ""oak"", ""dry""]",production_data.csv,100,high,MAPPED
WDB-01112,W001112,ardbeg alligator,Ardbeg Alligator,Ardbeg Alligator,100,exact,"{""fruity"": 2.0, ""sweet"": 19.0, ""spicy"": 4.0, ""smoky_peaty"": 2.0, ""oak_cask"": 13.0, ""floral_herbal"": 2.0, ""malty_cereal"": 29.0}","{""orange"": 2.0, ""dry"": 10.0, ""earthy"": 1.0, ""cinnamon"": 3.0, ""honey"": 1.0, ""toffee"": 3.0, ""coffee"": 1.0, ""licorice"": 1.0, ""peaty"": 2.0, ""sugar"": 1.0, ""tobacco"": 2.0, ""vanilla"": 4.0, ""wood"": 9.0, ""sherry"": 4.0, ""bitter"": 6.0, ""herbal"": 2.0, ""maple"": 2.0, ""salty"": 7.0, ""sweet"": 6.0, ""brown"": 2.0, ""caramel"": 2.0}","[""dry"", ""wood"", ""salty"", ""bitter"", ""sweet""]",production_data.csv,100,high,MAPPED
WDB-01116,W001116,ardbeg ardbog,Ardbeg Ardbog,Ardbeg Ardbog,100,exact,"{""fruity"": 0.0, ""sweet"": 3.0, ""spicy"": 0.0, ""smoky_peaty"": 0.0, ""oak_cask"": 2.0, ""floral_herbal"": 0.0, ""malty_cereal"": 3.0}","{""earthy"": 2.0, ""heavy"": 2.0, ""honey"": 2.0, ""sweet"": 1.0, ""brown"": 1.0}","[""earthy"", ""heavy"", ""honey"", ""sweet"", ""brown""]",production_data.csv,100,high,MAPPED
WDB-01164,W001164,ardbeg auriverdes,Ardbeg Auriverdes,Ardbeg Auriverdes,100,exact,"{""fruity"": 2.0, ""sweet"": 19.0, ""spicy"": 4.0, ""smoky_peaty"": 2.0, ""oak_cask"": 13.0, ""floral_herbal"": 2.0, ""malty_cereal"": 29.0}","{""orange"": 2.0, ""dry"": 10.0, ""earthy"": 1.0, ""cinnamon"": 3.0, ""honey"": 1.0, ""toffee"": 3.0, ""coffee"": 1.0, ""licorice"": 1.0, ""peaty"": 2.0, ""sugar"": 1.0, ""tobacco"": 2.0, ""vanilla"": 4.0, ""wood"": 9.0, ""sherry"": 4.0, ""bitter"": 6.0, ""herbal"": 2.0, ""maple"": 2.0, ""salty"": 7.0, ""sweet"": 6.0, ""brown"": 2.0, ""caramel"": 2.0}","[""dry"", ""wood"", ""salty"", ""bitter"", ""sweet""]",production_data.csv,100,high,MAPPED
WDB-01109,W001109,ardbeg corryvreckan,Ardbeg Corryvreckan,Ardbeg Corryvreckan,100,exact,"{""fruity"": 6.0, ""sweet"": 7.0, ""spicy"": 0.0, ""smoky_peaty"": 4.0, ""oak_cask"": 0.0, ""floral_herbal"": 0.0, ""malty_cereal"": 17.0}","{""citrus"": 3.0, ""lemon"": 1.0, ""orange"": 2.0, ""complex"": 4.0, ""light"": 5.0, ""smooth"": 1.0, ""peaty"": 4.0, ""vanilla"": 3.0, ""sherry"": 2.0, ""brine"": 2.0, ""salty"": 3.0, ""sweet"": 3.0, ""caramel"": 1.0}","[""light"", ""complex"", ""peaty"", ""citrus"", ""vanilla""]",production_data.csv,100,high,MAPPED
WDB-01148,W001148,ardbeg dark cove,Ardbeg Day,Ardbeg Dark Cove,100,exact,"{""fruity"": 17.0, ""sweet"": 12.0, ""spicy"": 0.0, ""smoky_peaty"": 2.0, ""oak_cask"": 4.0, ""floral_herbal"": 0.0, ""malty_cereal"": 11.0}","{""citrus"": 1.0, ""fruity"": 2.0, ""lemon"": 4.0, ""orange"": 10.0, ""honey"": 2.0, ""peaty"": 2.0, ""vanilla"": 6.0, ""wood"": 4.0, ""sherry"": 8.0, ""brine"": 1.0, ""salty"": 2.0, ""sweet"": 4.0}","[""orange"", ""sherry"", ""vanilla"", ""lemon"", ""wood""]",production_data.csv,95,high,MAPPED
WDB-00251,W000251,ardbeg galileo,Ardbeg Galileo,Ardbeg Galileo,100,exact,"{""fruity"": 2.0, ""sweet"": 19.0, ""spicy"": 4.0, ""smoky_peaty"": 2.0, ""oak_cask"": 13.0, ""floral_herbal"": 2.0, ""malty_cereal"": 29.0}","{""orange"": 2.0, ""dry"": 10.0, ""earthy"": 1.0, ""cinnamon"": 3.0, ""honey"": 1.0, ""toffee"": 3.0, ""coffee"": 1.0, ""licorice"": 1.0, ""peaty"": 2.0, ""sugar"": 1.0, ""tobacco"": 2.0, ""vanilla"": 4.0, ""wood"": 9.0, ""sherry"": 4.0, ""bitter"": 6.0, ""herbal"": 2.0, ""maple"": 2.0, ""salty"": 7.0, ""sweet"": 6.0, ""brown"": 2.0, ""caramel"": 2.0}","[""dry"", ""wood"", ""salty"", ""bitter"", ""sweet""]",production_data.csv,100,high,MAPPED
WDB-01095,W001095,ardbeg uigeadail,Ardbeg Uigeadail,Ardbeg Uigeadail,100,exact,"{""fruity"": 2.0, ""sweet"": 8.0, ""spicy"": 0.0, ""smoky_peaty"": 0.0, ""oak_cask"": 4.0, ""floral_herbal"": 0.0, ""malty_cereal"": 6.0}","{""cherry"": 2.0, ""dry"": 2.0, ""chocolate"": 6.0, ""wood"": 4.0, ""sherry"": 4.0, ""sweet"": 2.0}","[""chocolate"", ""wood"", ""sherry"", ""cherry"", ""dry""]",production_data.csv,100,high,MAPPED
WDB-00196,W000196,arran malt amarone cask finish,Arran Amarone Cask Finish,Arran Malt Amarone Cask Finish,100,exact,"{""fruity"": 8.0, ""sweet"": 13.0, ""spicy"": 0.0, ""smoky_peaty"": 0.0, ""oak_cask"": 7.0, ""floral_herbal"": 0.0, ""malty_cereal"": 3.0}","{""fruity"": 4.0, ""orange"": 2.0, ""pear"": 1.0, ""raisins"": 1.0, ""complex"": 2.0, ""chocolate"": 3.0, ""honey"": 2.0, ""vanilla"": 3.0, ""sherry"": 1.0, ""oak"": 7.0, ""sweet"": 4.0, ""caramel"": 1.0}","[""oak"", ""fruity"", ""sweet"", ""chocolate"", ""vanilla""]",production_data.csv,100,high,MAPPED
WDB-00267,W000267,arran malt port cask finish,Arran Port Cask Finish,Arran Malt Port Cask Finish,100,exact,"{""fruity"": 15.0, ""sweet"": 32.0, ""spicy"": 9.0, ""smoky_peaty"": 10.0, ""oak_cask"": 4.0, ""floral_herbal"": 2.0, ""malty_cereal"": 34.0}","{""cherry"": 8.0, ""fruity"": 1.0, ""lemon"": 3.0, ""raisins"": 3.0, ""balanced"": 1.0, ""dry"": 3.0, ""mild"": 5.0, ""old"": 7.0, ""chocolate"": 5.0, ""cinnamon"": 5.0, ""toffee"": 7.0, ""coffee"": 2.0, ""nutmeg"": 3.0, ""peaty"": 8.0, ""spices"": 1.0, ""sugar"": 1.0, ""tobacco"": 1.0, ""wood"": 1.0, ""sherry"": 9.0, ""bitter"": 4.0, ""creamy"": 4.0, ""salty"": 1.0, ""smokey"": 2.0, ""sweet"": 19.0, ""green"": 2.0}","[""sweet"", ""sherry"", ""cherry"", ""peaty"", ""old""]",production_data.csv,100,high,MAPPED
WDB-00316,W000316,arran malt sherry single cask,Arran Sherry Single Cask,Arran Malt Sherry Single Cask,100,exact,"{""fruity"": 14.0, ""sweet"": 20.0, ""spicy"": 3.0, ""smoky_peaty"": 0.0, ""oak_cask"": 29.0, ""floral_herbal"": 0.0, ""malty_cereal"": 68.0}","{""banana"": 2.0, ""cherry"": 1.0, ""citrus"": 2.0, ""fruity"": 4.0, ""lemon"": 4.0, ""pear"": 1.0, ""balanced"": 6.0, ""dry"": 4.0, ""light"": 7.0, ""old"": 8.0, ""barley"": 2.0, ""buttery"": 2.0, ""chocolate"": 3.0, ""cocoa"": 2.0, ""clove"": 1.0, ""peppery"": 2.0, ""sugar"": 5.0, ""vanilla"": 8.0, ""wood"": 3.0, ""sherry"": 21.0, ""bitter"": 2.0, ""creamy"": 1.0, ""nutty"": 3.0, ""oak"": 23.0, ""rich"": 4.0, ""salty"": 13.0}","[""oak"", ""sherry"", ""salty"", ""old"", ""vanilla""]",production_data.csv,100,high,MAPPED
WDB-00019,W000019,auchentoshan american oak,Auchentoshan American Oak,Auchentoshan American Oak,100,exact,"{""fruity"": 1.0, ""sweet"": 3.0, ""spicy"": 0.0, ""smoky_peaty"": 0.0, ""oak_cask"": 4.0, ""floral_herbal"": 0.0, ""malty_cereal"": 4.0}","{""lemon"": 1.0, ""balanced"": 2.0, ""dry"": 2.0, ""candy"": 1.0, ""vanilla"": 2.0, ""oak"": 4.0}","[""oak"", ""balanced"", ""dry"", ""vanilla"", ""lemon""]",production_data.csv,100,high,MAPPED
WDB-00886,W000886,auchentoshan classic,Auchentoshan Classic,Auchentoshan Classic,100,exact,"{""fruity"": 3.0, ""sweet"": 0.0, ""spicy"": 0.0, ""smoky_peaty"": 0.0, ""oak_cask"": 0.0, ""floral_herbal"": 0.0, ""malty_cereal"": 2.0}","{""citrus"": 2.0, ""lemon"": 1.0, ""dry"": 2.0}","[""citrus"", ""dry"", ""lemon""]",production_data.csv,100,high,MAPPED
WDB-00370,W000370,auchentoshan three wood,Auchentoshan Three Wood,Auchentoshan Three Wood,100,exact,"{""fruity"": 2.0, ""sweet"": 5.0, ""spicy"": 0.0, ""smoky_peaty"": 2.0, ""oak_cask"": 4.0, ""floral_herbal"": 0.0, ""malty_cereal"": 8.0}","{""fruity"": 2.0, ""smooth"": 2.0, ""sugar"": 2.0, ""wood"": 4.0, ""sherry"": 4.0, ""smokey"": 2.0, ""sweet"": 3.0, ""brown"": 2.0}","[""wood"", ""sherry"", ""sweet"", ""fruity"", ""smooth""]",production_data.csv,100,high,MAPPED
WDB-00815,W000815,auchentoshan valinch,Auchentoshan Valinch,Auchentoshan Valinch,100,exact,"{""fruity"": 4.0, ""sweet"": 2.0, ""spicy"": 1.0, ""smoky_peaty"": 0.0, ""oak_cask"": 0.0, ""floral_herbal"": 2.0, ""malty_cereal"": 6.0}","{""apple"": 4.0, ""dry"": 2.0, ""old"": 2.0, ""cinnamon"": 1.0, ""bitter"": 2.0, ""sweet"": 2.0, ""green"": 2.0}","[""apple"", ""dry"", ""old"", ""bitter"", ""sweet""]",production_data.csv,100,high,MAPPED
WDB-01786,W001786,balcones baby blue,Balcones Baby Blue,Balcones Baby Blue,100,exact,"{""fruity"": 0.0, ""sweet"": 0.0, ""spicy"": 0.0, ""smoky_peaty"": 0.0, ""oak_cask"": 0.0, ""floral_herbal"": 0.0, ""malty_cereal"": 0.0}",{},[],production_data.csv,100,high,MAPPED
WDB-00530,W000530,balcones texas single malt whisky,Balcones Texas Single Malt,Balcones Texas Single Malt Whisky,100,exact,"{""fruity"": 2.0, ""sweet"": 28.0, ""spicy"": 1.0, ""smoky_peaty"": 0.0, ""oak_cask"": 8.0, ""floral_herbal"": 0.0, ""malty_cereal"": 30.0}","{""citrus"": 2.0, ""balanced"": 2.0, ""light"": 4.0, ""lingering"": 2.0, ""mellow"": 2.0, ""cinnamon"": 1.0, ""cocoa"": 1.0, ""corn"": 6.0, ""honey"": 1.0, ""malty"": 1.0, ""sugar"": 3.0, ""vanilla"": 3.0, ""wood"": 4.0, ""creamy"": 4.0, ""oak"": 4.0, ""rich"": 4.0, ""salty"": 2.0, ""sour"": 2.0, ""sweet"": 18.0, ""amber"": 1.0, ""caramel"": 2.0}","[""sweet"", ""corn"", ""light"", ""wood"", ""creamy""]",production_data.csv,100,high,MAPPED
WDB-01351,W001351,ballantine's finest,Ballantine's Finest,Ballantine's Finest,100,exact,"{""fruity"": 0.0, ""sweet"": 3.0, ""spicy"": 0.0, ""smoky_peaty"": 0.0, ""oak_cask"": 0.0, ""floral_herbal"": 0.0, ""malty_cereal"": 0.0}","{""vanilla"": 2.0, ""sweet"": 1.0}","[""vanilla"", ""sweet""]",production_data.csv,100,high,MAPPED
WDB-00791,W000791,benromach traditional,Benromach Traditional,Benromach Traditional,100,exact,"{""fruity"": 4.0, ""sweet"": 12.0, ""spicy"": 0.0, ""smoky_peaty"": 3.0, ""oak_cask"": 0.0, ""floral_herbal"": 4.0, ""malty_cereal"": 14.0}","{""citrus"": 1.0, ""fruity"": 2.0, ""raisins"": 1.0, ""balanced"": 1.0, ""light"": 2.0, ""lingering"": 1.0, ""mellow"": 2.0, ""chocolate"": 1.0, ""honey"": 1.0, ""toffee"": 1.0, ""floral"": 4.0, ""peaty"": 2.0, ""sugar"": 1.0, ""vanilla"": 2.0, ""sherry"": 6.0, ""smokey"": 1.0, ""sweet"": 6.0, ""brown"": 2.0}","[""sherry"", ""sweet"", ""floral"", ""fruity"", ""light""]",production_data.csv,100,high,MAPPED
WDB-01331,W001331,famous grouse smoky black (black grouse),Black Grouse,Famous Grouse Smoky Black (Black Grouse),100,exact,"{""fruity"": 2.0, ""sweet"": 5.0, ""spicy"": 4.0, ""smoky_peaty"": 0.0, ""oak_cask"": 0.0, ""floral_herbal"": 0.0, ""malty_cereal"": 4.0}","{""fruity"": 2.0, ""light"": 2.0, ""mellow"": 2.0, ""honey"": 2.0, ""vanilla"": 3.0, ""spicy"": 4.0}","[""spicy"", ""vanilla"", ""fruity"", ""light"", ""mellow""]",production_data.csv,100,high,MAPPED
WDB-01090,W001090,bowmore legend,Bowmore Legend,Bowmore Legend,100,exact,"{""fruity"": 5.0, ""sweet"": 1.0, ""spicy"": 0.0, ""smoky_peaty"": 0.0, ""oak_cask"": 1.0, ""floral_herbal"": 1.0, ""malty_cereal"": 4.0}","{""fruity"": 1.0, ""lemon"": 2.0, ""pear"": 2.0, ""dry"": 1.0, ""cocoa"": 1.0, ""roses"": 1.0, ""nutty"": 1.0, ""sour"": 3.0}","[""sour"", ""lemon"", ""pear"", ""fruity"", ""dry""]",production_data.csv,100,high,MAPPED
WDB-01019,W001019,bruichladdich islay barley (all vintages),Bruichladdich Islay Barley 2006,Bruichladdich Islay Barley (all vintages),100,exact,"{""fruity"": 10.0, ""sweet"": 28.0, ""spicy"": 0.0, ""smoky_peaty"": 0.0, ""oak_cask"": 3.0, ""floral_herbal"": 5.0, ""malty_cereal"": 13.0}","{""cherry"": 1.0, ""fruity"": 1.0, ""lemon"": 3.0, ""orange"": 5.0, ""barley"": 6.0, ""honey"": 2.0, ""toffee"": 5.0, ""coffee"": 2.0, ""malty"": 2.0, ""vanilla"": 12.0, ""wood"": 1.0, ""creamy"": 5.0, ""sweet"": 8.0, ""green"": 5.0, ""caramel"": 1.0}","[""vanilla"", ""sweet"", ""barley"", ""orange"", ""toffee""]",production_data.csv,100,high,MAPPED
WDB-00992,W000992,bruichladdich port charlotte an turas mor,Bruichladdich Port Charlotte An Turas Mor,Bruichladdich Port Charlotte An Turas Mor,100,exact,"{""fruity"": 0.0, ""sweet"": 3.0, ""spicy"": 1.0, ""smoky_peaty"": 0.0, ""oak_cask"": 0.0, ""floral_herbal"": 0.0, ""malty_cereal"": 8.0}","{""old"": 2.0, ""honey"": 2.0, ""licorice"": 1.0, ""sour"": 6.0, ""sweet"": 1.0}","[""sour"", ""old"", ""honey"", ""licorice"", ""sweet""]",production_data.csv,100,high,MAPPED
WDB-01218,W001218,bruichladdich port charlotte the peat project,Bruichladdich Port Charlotte The Peat Project,Bruichladdich Port Charlotte The Peat Project,100,exact,"{""fruity"": 9.0, ""sweet"": 9.0, ""spicy"": 2.0, ""smoky_peaty"": 0.0, ""oak_cask"": 3.0, ""floral_herbal"": 3.0, ""malty_cereal"": 7.0}","{""fruity"": 2.0, ""lemon"": 6.0, ""zest"": 1.0, ""complex"": 1.0, ""barley"": 2.0, ""buttery"": 2.0, ""butterscotch"": 1.0, ""candy"": 2.0, ""chocolate"": 1.0, ""floral"": 3.0, ""tobacco"": 1.0, ""vanilla"": 2.0, ""sherry"": 2.0, ""oak"": 2.0, ""salty"": 2.0, ""spicy"": 2.0, ""caramel"": 1.0}","[""lemon"", ""floral"", ""fruity"", ""barley"", ""buttery""]",production_data.csv,100,high,MAPPED
WDB-00940,W000940,bruichladdich port charlotte pc10 tro na linntean,Bruichladdich Port Charlotte Tro Na Linntean,Bruichladdich Port Charlotte PC10 Tro Na Linntean,100,exact,"{""fruity"": 3.0, ""sweet"": 9.0, ""spicy"": 3.0, ""smoky_peaty"": 0.0, ""oak_cask"": 3.0, ""floral_herbal"": 0.0, ""malty_cereal"": 10.0}","{""lemon"": 2.0, ""pear"": 1.0, ""complex"": 2.0, ""lingering"": 2.0, ""buttery"": 2.0, ""cinnamon"": 2.0, ""honey"": 1.0, ""peppery"": 1.0, ""sugar"": 1.0, ""vanilla"": 2.0, ""nutty"": 1.0, ""oak"": 2.0, ""salty"": 4.0, ""sweet"": 2.0, ""brown"": 2.0, ""caramel"": 1.0}","[""salty"", ""lemon"", ""complex"", ""lingering"", ""buttery""]",production_data.csv,100,high,MAPPED
WDB-00346,W000346,bruichladdich rocks,Bruichladdich Rocks,Bruichladdich Rocks,100,exact,"{""fruity"": 1.0, ""sweet"": 12.0, ""spicy"": 0.0, ""smoky_peaty"": 0.0, ""oak_cask"": 7.0, ""floral_herbal"": 0.0, ""malty_cereal"": 2.0}","{""raisins"": 1.0, ""earthy"": 4.0, ""light"": 2.0, ""butterscotch"": 4.0, ""honey"": 1.0, ""vanilla"": 4.0, ""wood"": 3.0, ""sweet"": 2.0, ""caramel"": 1.0}","[""earthy"", ""butterscotch"", ""vanilla"", ""wood"", ""light""]",production_data.csv,100,high,MAPPED
WDB-01520,W001520,bulleit rye,Bulleit Rye,Bulleit Rye,100,exact,"{""fruity"": 2.0, ""sweet"": 0.0, ""spicy"": 2.0, ""smoky_peaty"": 0.0, ""oak_cask"": 6.0, ""floral_herbal"": 3.0, ""malty_cereal"": 11.0}","{""orange"": 2.0, ""dry"": 3.0, ""old"": 4.0, ""smooth"": 2.0, ""cinnamon"": 2.0, ""tea"": 1.0, ""wood"": 4.0, ""oak"": 2.0, ""rich"": 2.0, ""green"": 2.0}","[""old"", ""wood"", ""dry"", ""orange"", ""smooth""]",production_data.csv,100,high,MAPPED
WDB-00353,W000353,bushmills black bush,Bushmills Black Bush,Bushmills Black Bush,100,exact,"{""fruity"": 0.0, ""sweet"": 4.0, ""spicy"": 0.0, ""smoky_peaty"": 0.0, ""oak_cask"": 0.0, ""floral_herbal"": 0.0, ""malty_cereal"": 4.0}","{""smooth"": 2.0, ""toffee"": 1.0, ""vanilla"": 2.0, ""amber"": 2.0, ""caramel"": 1.0}","[""smooth"", ""vanilla"", ""amber"", ""toffee"", ""caramel""]",production_data.csv,100,high,MAPPED
WDB-01347,W001347,bushmills original blended,Bushmills Original,Bushmills Original Blended,100,exact,"{""fruity"": 5.0, ""sweet"": 8.0, ""spicy"": 0.0, ""smoky_peaty"": 0.0, ""oak_cask"": 2.0, ""floral_herbal"": 2.0, ""malty_cereal"": 3.0}","{""lemon"": 4.0, ""orange"": 1.0, ""dry"": 1.0, ""light"": 2.0, ""honey"": 2.0, ""vanilla"": 4.0, ""herbal"": 2.0, ""oak"": 2.0, ""sweet"": 2.0}","[""lemon"", ""vanilla"", ""light"", ""honey"", ""herbal""]",production_data.csv,100,high,MAPPED
WDB-01204,W001204,caol ila distiller's edition (all editions),Caol Ila Distiller's Edition,Caol Ila Distiller's Edition (all editions),100,exact,"{""fruity"": 1.0, ""sweet"": 4.0, ""spicy"": 0.0, ""smoky_peaty"": 0.0, ""oak_cask"": 0.0, ""floral_herbal"": 0.0, ""malty_cereal"": 10.0}","{""zest"": 1.0, ""complex"": 2.0, ""light"": 2.0, ""lingering"": 2.0, ""sherry"": 2.0, ""rich"": 2.0, ""sweet"": 1.0, ""caramel"": 3.0}","[""caramel"", ""complex"", ""light"", ""lingering"", ""sherry""]",production_data.csv,100,high,MAPPED
WDB-01669,W001669,colonel e.h. taylor single barrel,Colonel E.H. Taylor Single Barrel,Colonel E.H. Taylor Single Barrel,100,exact,"{""fruity"": 4.0, ""sweet"": 13.0, ""spicy"": 2.0, ""smoky_peaty"": 0.0, ""oak_cask"": 4.0, ""floral_herbal"": 0.0, ""malty_cereal"": 6.0}","{""cherry"": 1.0, ""citrus"": 1.0, ""fruity"": 2.0, ""cinnamon"": 2.0, ""cocoa"": 1.0, ""sugar"": 2.0, ""tobacco"": 1.0, ""vanilla"": 2.0, ""bitter"": 2.0, ""oak"": 3.0, ""sweet"": 6.0, ""brown"": 4.0, ""caramel"": 2.0}","[""sweet"", ""brown"", ""oak"", ""fruity"", ""cinnamon""]",production_data.csv,100,high,MAPPED
WDB-01707,W001707,colonel e.h. taylor small batch (bib),Colonel E.H. Taylor Small Batch,Colonel E.H. Taylor Small Batch (BiB),100,exact,"{""fruity"": 2.0, ""sweet"": 10.0, ""spicy"": 0.0, ""smoky_peaty"": 0.0, ""oak_cask"": 0.0, ""floral_herbal"": 5.0, ""malty_cereal"": 2.0}","{""citrus"": 2.0, ""old"": 2.0, ""candy"": 2.0, ""toffee"": 3.0, ""floral"": 2.0, ""mint"": 3.0, ""sugar"": 1.0, ""vanilla"": 3.0, ""caramel"": 1.0}","[""toffee"", ""mint"", ""vanilla"", ""citrus"", ""old""]",production_data.csv,100,high,MAPPED
WDB-01462,W001462,colonel e.h. taylor straight rye,Colonel E.H. Taylor Straight Rye,Colonel E.H. Taylor Straight Rye,100,exact,"{""fruity"": 6.0, ""sweet"": 4.0, ""spicy"": 2.0, ""smoky_peaty"": 0.0, ""oak_cask"": 8.0, ""floral_herbal"": 4.0, ""malty_cereal"": 12.0}","{""apple"": 2.0, ""citrus"": 2.0, ""lemon"": 1.0, ""orange"": 1.0, ""complex"": 2.0, ""dry"": 3.0, ""old"": 2.0, ""smooth"": 1.0, ""chocolate"": 2.0, ""cocoa"": 1.0, ""clove"": 1.0, ""floral"": 2.0, ""licorice"": 1.0, ""mint"": 2.0, ""tobacco"": 2.0, ""wood"": 2.0, ""bitter"": 2.0, ""oak"": 4.0, ""sour"": 2.0, ""caramel"": 1.0}","[""oak"", ""dry"", ""apple"", ""citrus"", ""complex""]",production_data.csv,100,high,MAPPED
WDB-01300,W001300,compass box asyla,Compass Box Asyla,Compass Box Asyla,100,exact,"{""fruity"": 1.0, ""sweet"": 10.0, ""spicy"": 0.0, ""smoky_peaty"": 0.0, ""oak_cask"": 7.0, ""floral_herbal"": 17.0, ""malty_cereal"": 0.0}","{""banana"": 1.0, ""honey"": 3.0, ""tea"": 2.0, ""floral"": 6.0, ""vanilla"": 3.0, ""herbal"": 2.0, ""oak"": 7.0, ""sweet"": 4.0, ""green"": 7.0}","[""oak"", ""green"", ""floral"", ""sweet"", ""honey""]",production_data.csv,100,high,MAPPED
WDB-01257,W001257,compass box great king st artist's blend,Compass Box Great King St. Artist's Blend,Compass Box Great King St Artist's Blend,100,exact,"{""fruity"": 0.0, ""sweet"": 3.0, ""spicy"": 0.0, ""smoky_peaty"": 0.0, ""oak_cask"": 3.0, ""floral_herbal"": 4.0, ""malty_cereal"": 4.0}","{""earthy"": 1.0, ""old"": 2.0, ""floral"": 4.0, ""sugar"": 1.0, ""vanilla"": 2.0, ""sherry"": 2.0, ""oak"": 2.0}","[""floral"", ""old"", ""vanilla"", ""sherry"", ""oak""]",production_data.csv,100,high,MAPPED
WDB-00544,W000544,compass box oak cross,Compass Box Oak Cross,Compass Box Oak Cross,100,exact,"{""fruity"": 8.0, ""sweet"": 4.0, ""spicy"": 0.0, ""smoky_peaty"": 0.0, ""oak_cask"": 5.0, ""floral_herbal"": 0.0, ""malty_cereal"": 16.0}","{""apple"": 4.0, ""fruity"": 2.0, ""pear"": 2.0, ""light"": 12.0, ""smooth"": 1.0, ""toffee"": 3.0, ""coffee"": 1.0, ""bitter"": 2.0, ""creamy"": 1.0, ""oak"": 4.0, ""sweet"": 1.0}","[""light"", ""apple"", ""oak"", ""toffee"", ""fruity""]",production_data.csv,100,high,MAPPED
WDB-01081,W001081,connemara peated single malt,Connemara Peated,Connemara Peated Single Malt,100,exact,"{""fruity"": 0.0, ""sweet"": 4.0, ""spicy"": 0.0, ""smoky_peaty"": 0.0, ""oak_cask"": 1.0, ""floral_herbal"": 0.0, ""malty_cereal"": 4.0}","{""light"": 4.0, ""honey"": 2.0, ""sugar"": 1.0, ""oak"": 1.0, ""sweet"": 1.0}","[""light"", ""honey"", ""sugar"", ""oak"", ""sweet""]",production_data.csv,100,high,MAPPED
WDB-00360,W000360,dalmore king alexander iii,Dalmore 1263 King Alexander III,Dalmore King Alexander III,100,exact,"{""fruity"": 3.0, ""sweet"": 5.0, ""spicy"": 0.0, ""smoky_peaty"": 0.0, ""oak_cask"": 6.0, ""floral_herbal"": 0.0, ""malty_cereal"": 2.0}","{""orange"": 2.0, ""raisins"": 1.0, ""earthy"": 2.0, ""smooth"": 1.0, ""barley"": 1.0, ""chocolate"": 2.0, ""tobacco"": 1.0, ""vanilla"": 1.0, ""oak"": 3.0, ""caramel"": 2.0}","[""oak"", ""orange"", ""earthy"", ""chocolate"", ""caramel""]",production_data.csv,100,high,MAPPED
WDB-00866,W000866,deanston virgin oak,Deanston Virgin Oak,Deanston Virgin Oak,100,exact,"{""fruity"": 9.0, ""sweet"": 1.0, ""spicy"": 0.0, ""smoky_peaty"": 0.0, ""oak_cask"": 6.0, ""floral_herbal"": 2.0, ""malty_cereal"": 2.0}","{""citrus"": 2.0, ""fruity"": 2.0, ""lemon"": 2.0, ""orange"": 1.0, ""zest"": 2.0, ""barley"": 2.0, ""honey"": 1.0, ""oak"": 6.0, ""green"": 2.0}","[""oak"", ""citrus"", ""fruity"", ""lemon"", ""zest""]",production_data.csv,100,high,MAPPED
WDB-01358,W001358,dewar's white label,Dewar's White Label,Dewar's White Label,100,exact,"{""fruity"": 0.0, ""sweet"": 0.0, ""spicy"": 0.0, ""smoky_peaty"": 0.0, ""oak_cask"": 1.0, ""floral_herbal"": 3.0, ""malty_cereal"": 0.0}","{""tea"": 3.0, ""wood"": 1.0}","[""tea"", ""wood""]",production_data.csv,100,high,MAPPED
WDB-01808,W001808,evan williams (black label),Evan Williams Black Label,Evan Williams (Black Label),100,exact,"{""fruity"": 0.0, ""sweet"": 9.0, ""spicy"": 4.0, ""smoky_peaty"": 0.0, ""oak_cask"": 7.0, ""floral_herbal"": 4.0, ""malty_cereal"": 7.0}","{""earthy"": 1.0, ""light"": 2.0, ""candy"": 1.0, ""chocolate"": 1.0, ""cinnamon"": 2.0, ""toffee"": 1.0, ""mint"": 2.0, ""vanilla"": 1.0, ""bitter"": 4.0, ""creamy"": 1.0, ""nutty"": 1.0, ""oak"": 5.0, ""spicy"": 2.0, ""sweet"": 4.0, ""green"": 2.0, ""caramel"": 1.0}","[""oak"", ""bitter"", ""sweet"", ""light"", ""cinnamon""]",production_data.csv,100,high,MAPPED
WDB-01221,W001221,finlaggan old reserve,Finlaggan Old Reserve,Finlaggan Old Reserve,100,exact,"{""fruity"": 0.0, ""sweet"": 0.0, ""spicy"": 0.0, ""smoky_peaty"": 0.0, ""oak_cask"": 0.0, ""floral_herbal"": 0.0, ""malty_cereal"": 4.0}","{""complex"": 2.0, ""old"": 2.0}","[""complex"", ""old""]",production_data.csv,100,high,MAPPED
WDB-01537,W001537,forty creek barrel select,Forty Creek Barrel Select,Forty Creek Barrel Select,100,exact,"{""fruity"": 0.0, ""sweet"": 9.0, ""spicy"": 0.0, ""smoky_peaty"": 0.0, ""oak_cask"": 0.0, ""floral_herbal"": 0.0, ""malty_cereal"": 7.0}","{""corn"": 3.0, ""vanilla"": 1.0, ""creamy"": 2.0, ""sweet"": 8.0, ""amber"": 2.0}","[""sweet"", ""corn"", ""creamy"", ""amber"", ""vanilla""]",production_data.csv,100,high,MAPPED
WDB-01484,W001484,forty creek copper pot reserve,Forty Creek Copper Pot Reserve,Forty Creek Copper Pot Reserve,100,exact,"{""fruity"": 0.0, ""sweet"": 19.0, ""spicy"": 2.0, ""smoky_peaty"": 0.0, ""oak_cask"": 0.0, ""floral_herbal"": 0.0, ""malty_cereal"": 26.0}","{""heavy"": 4.0, ""light"": 2.0, ""barley"": 6.0, ""butterscotch"": 4.0, ""cinnamon"": 2.0, ""corn"": 8.0, ""toffee"": 1.0, ""sugar"": 3.0, ""vanilla"": 1.0, ""maple"": 2.0, ""rich"": 2.0, ""sweet"": 4.0, ""brown"": 4.0, ""caramel"": 4.0}","[""corn"", ""barley"", ""heavy"", ""butterscotch"", ""sweet""]",production_data.csv,100,high,MAPPED
WDB-01814,W001814,jack daniel's gentleman jack,Gentleman Jack,Jack Daniel's Gentleman Jack,100,exact,"{""fruity"": 1.0, ""sweet"": 19.0, ""spicy"": 2.0, ""smoky_peaty"": 0.0, ""oak_cask"": 14.0, ""floral_herbal"": 0.0, ""malty_cereal"": 18.0}","{""cherry"": 1.0, ""light"": 4.0, ""lingering"": 2.0, ""mellow"": 2.0, ""old"": 2.0, ""buttery"": 2.0, ""corn"": 2.0, ""spices"": 2.0, ""sugar"": 7.0, ""vanilla"": 3.0, ""wood"": 5.0, ""oak"": 9.0, ""sweet"": 5.0, ""amber"": 4.0, ""brown"": 2.0, ""caramel"": 2.0}","[""oak"", ""sugar"", ""wood"", ""sweet"", ""light""]",production_data.csv,100,high,MAPPED
WDB-00797,W000797,glen garioch founder's reserve,Glen Garioch Founder's Reserve,Glen Garioch Founder's Reserve,100,exact,"{""fruity"": 1.0, ""sweet"": 5.0, ""spicy"": 2.0, ""smoky_peaty"": 0.0, ""oak_cask"": 1.0, ""floral_herbal"": 2.0, ""malty_cereal"": 4.0}","{""pear"": 1.0, ""dry"": 2.0, ""honey"": 2.0, ""vanilla"": 1.0, ""wood"": 1.0, ""ginger"": 2.0, ""sour"": 1.0, ""amber"": 1.0, ""green"": 2.0, ""caramel"": 2.0}","[""dry"", ""honey"", ""ginger"", ""green"", ""caramel""]",production_data.csv,100,high,MAPPED
WDB-00172,W000172,glenfiddich snow phoenix,Glenfiddich Snow Phoenix,Glenfiddich Snow Phoenix,100,exact,"{""fruity"": 5.0, ""sweet"": 6.0, ""spicy"": 0.0, ""smoky_peaty"": 0.0, ""oak_cask"": 1.0, ""floral_herbal"": 2.0, ""malty_cereal"": 4.0}","{""citrus"": 3.0, ""fruity"": 2.0, ""light"": 2.0, ""mellow"": 2.0, ""floral"": 2.0, ""wood"": 1.0, ""sweet"": 6.0}","[""sweet"", ""citrus"", ""fruity"", ""light"", ""mellow""]",production_data.csv,100,high,MAPPED
WDB-00459,W000459,glenmorangie astar,Glenmorangie Astar,Glenmorangie Astar,100,exact,"{""fruity"": 2.0, ""sweet"": 6.0, ""spicy"": 2.0, ""smoky_peaty"": 0.0, ""oak_cask"": 0.0, ""floral_herbal"": 0.0, ""malty_cereal"": 2.0}","{""lemon"": 2.0, ""dry"": 1.0, ""old"": 1.0, ""sugar"": 4.0, ""vanilla"": 2.0, ""ginger"": 2.0}","[""sugar"", ""lemon"", ""vanilla"", ""ginger"", ""dry""]",production_data.csv,100,high,MAPPED
WDB-00160,W000160,glenmorangie companta,Glenmorangie Companta,Glenmorangie Companta,100,exact,"{""fruity"": 0.0, ""sweet"": 2.0, ""spicy"": 0.0, ""smoky_peaty"": 0.0, ""oak_cask"": 2.0, ""floral_herbal"": 0.0, ""malty_cereal"": 6.0}","{""dry"": 2.0, ""light"": 2.0, ""old"": 2.0, ""cocoa"": 2.0, ""wood"": 2.0}","[""dry"", ""light"", ""old"", ""cocoa"", ""wood""]",production_data.csv,100,high,MAPPED
WDB-00442,W000442,glenmorangie ealanta,Glenmorangie Ealanta,Glenmorangie Ealanta,100,exact,"{""fruity"": 0.0, ""sweet"": 1.0, ""spicy"": 1.0, ""smoky_peaty"": 0.0, ""oak_cask"": 5.0, ""floral_herbal"": 0.0, ""malty_cereal"": 2.0}","{""honey"": 1.0, ""peppery"": 1.0, ""bitter"": 2.0, ""oak"": 5.0}","[""oak"", ""bitter"", ""honey"", ""peppery""]",production_data.csv,100,high,MAPPED
WDB-00344,W000344,glenmorangie lasanta,Glenmorangie Lasanta,Glenmorangie Lasanta,100,exact,"{""fruity"": 2.0, ""sweet"": 4.0, ""spicy"": 2.0, ""smoky_peaty"": 0.0, ""oak_cask"": 0.0, ""floral_herbal"": 0.0, ""malty_cereal"": 0.0}","{""citrus"": 2.0, ""chocolate"": 1.0, ""honey"": 1.0, ""peppery"": 2.0, ""sweet"": 2.0}","[""citrus"", ""peppery"", ""sweet"", ""chocolate"", ""honey""]",production_data.csv,100,high,MAPPED
WDB-00213,W000213,glenmorangie nectar d'or,Glenmorangie Nectar D'Or,Glenmorangie Nectar d'Or,100,exact,"{""fruity"": 2.0, ""sweet"": 4.0, ""spicy"": 0.0, ""smoky_peaty"": 0.0, ""oak_cask"": 0.0, ""floral_herbal"": 2.0, ""malty_cereal"": 1.0}","{""lemon"": 2.0, ""honey"": 2.0, ""floral"": 2.0, ""vanilla"": 2.0, ""sherry"": 1.0}","[""lemon"", ""honey"", ""floral"", ""vanilla"", ""sherry""]",production_data.csv,100,high,MAPPED
WDB-00281,W000281,glenmorangie quinta ruban,Glenmorangie Quinta Ruban,Glenmorangie Quinta Ruban,100,exact,"{""fruity"": 0.0, ""sweet"": 4.0, ""spicy"": 2.0, ""smoky_peaty"": 0.0, ""oak_cask"": 0.0, ""floral_herbal"": 2.0, ""malty_cereal"": 6.0}","{""complex"": 1.0, ""heavy"": 2.0, ""old"": 1.0, ""tea"": 2.0, ""clove"": 2.0, ""vanilla"": 3.0, ""rich"": 2.0, ""sweet"": 1.0}","[""vanilla"", ""heavy"", ""tea"", ""clove"", ""rich""]",production_data.csv,100,high,MAPPED
WDB-00097,W000097,glenmorangie signet,Glenmorangie Signet,Glenmorangie Signet,100,exact,"{""fruity"": 8.0, ""sweet"": 10.0, ""spicy"": 0.0, ""smoky_peaty"": 0.0, ""oak_cask"": 5.0, ""floral_herbal"": 2.0, ""malty_cereal"": 9.0}","{""citrus"": 2.0, ""orange"": 6.0, ""old"": 3.0, ""chocolate"": 7.0, ""cocoa"": 1.0, ""coffee"": 2.0, ""floral"": 2.0, ""malty"": 2.0, ""sugar"": 1.0, ""wood"": 3.0, ""sherry"": 2.0, ""sweet"": 1.0, ""brown"": 2.0}","[""chocolate"", ""orange"", ""old"", ""wood"", ""citrus""]",production_data.csv,100,high,MAPPED
WDB-00611,W000611,glenrothes vintage 1998 (2014),Glenrothes 1998,Glenrothes Vintage 1998 (2014),100,exact,"{""fruity"": 4.0, ""sweet"": 12.0, ""spicy"": 0.0, ""smoky_peaty"": 0.0, ""oak_cask"": 0.0, ""floral_herbal"": 0.0, ""malty_cereal"": 2.0}","{""citrus"": 4.0, ""light"": 2.0, ""honey"": 2.0, ""vanilla"": 4.0, ""sweet"": 6.0}","[""sweet"", ""citrus"", ""vanilla"", ""light"", ""honey""]",production_data.csv,100,high,MAPPED
WDB-00678,W000678,glenrothes select reserve,Glenrothes Select Reserve,Glenrothes Select Reserve,100,exact,"{""fruity"": 6.0, ""sweet"": 0.0, ""spicy"": 1.0, ""smoky_peaty"": 0.0, ""oak_cask"": 0.0, ""floral_herbal"": 0.0, ""malty_cereal"": 5.0}","{""apple"": 1.0, ""lemon"": 5.0, ""smooth"": 1.0, ""clove"": 1.0, ""creamy"": 2.0, ""sour"": 2.0}","[""lemon"", ""creamy"", ""sour"", ""apple"", ""smooth""]",production_data.csv,100,high,MAPPED
WDB-01345,W001345,grant's family reserve blended,Grant's Family Reserve,Grant's Family Reserve Blended,100,exact,"{""fruity"": 0.0, ""sweet"": 0.0, ""spicy"": 0.0, ""smoky_peaty"": 0.0, ""oak_cask"": 0.0, ""floral_herbal"": 0.0, ""malty_cereal"": 0.0}",{},[],production_data.csv,100,high,MAPPED
WDB-01384,W001384,high west midwinter night’s dram rye,High West A Midwinter Nights Dram,High West Midwinter Night’s Dram Rye,100,exact,"{""fruity"": 0.0, ""sweet"": 7.0, ""spicy"": 3.0, ""smoky_peaty"": 0.0, ""oak_cask"": 0.0, ""floral_herbal"": 0.0, ""malty_cereal"": 4.0}","{""light"": 2.0, ""old"": 2.0, ""cinnamon"": 2.0, ""nutmeg"": 1.0, ""sweet"": 6.0, ""caramel"": 1.0}","[""sweet"", ""light"", ""old"", ""cinnamon"", ""nutmeg""]",production_data.csv,95,high,MAPPED
WDB-00327,W000327,highland park dark origins,Highland Park Dark Origins,Highland Park Dark Origins,100,exact,"{""fruity"": 2.0, ""sweet"": 6.0, ""spicy"": 0.0, ""smoky_peaty"": 0.0, ""oak_cask"": 0.0, ""floral_herbal"": 0.0, ""malty_cereal"": 8.0}","{""cherry"": 2.0, ""complex"": 1.0, ""sugar"": 2.0, ""vanilla"": 1.0, ""sherry"": 6.0, ""bitter"": 1.0, ""sweet"": 3.0}","[""sherry"", ""sweet"", ""cherry"", ""sugar"", ""complex""]",production_data.csv,100,high,MAPPED
WDB-01074,W001074,jura superstition,Jura Superstition,Jura Superstition,100,exact,"{""fruity"": 0.0, ""sweet"": 4.0, ""spicy"": 0.0, ""smoky_peaty"": 2.0, ""oak_cask"": 2.0, ""floral_herbal"": 0.0, ""malty_cereal"": 2.0}","{""complex"": 2.0, ""toffee"": 2.0, ""peaty"": 2.0, ""vanilla"": 2.0, ""wood"": 2.0}","[""complex"", ""toffee"", ""peaty"", ""vanilla"", ""wood""]",production_data.csv,100,high,MAPPED
WDB-01363,W001363,j&b rare,J&B Rare,J&B Rare,100,exact,"{""fruity"": 5.0, ""sweet"": 8.0, ""spicy"": 5.0, ""smoky_peaty"": 0.0, ""oak_cask"": 0.0, ""floral_herbal"": 0.0, ""malty_cereal"": 2.0}","{""apple"": 1.0, ""fruity"": 2.0, ""raisins"": 2.0, ""lingering"": 2.0, ""candy"": 1.0, ""cinnamon"": 1.0, ""nutmeg"": 2.0, ""peppery"": 2.0, ""sugar"": 2.0, ""vanilla"": 1.0, ""sweet"": 4.0}","[""sweet"", ""fruity"", ""raisins"", ""lingering"", ""nutmeg""]",production_data.csv,100,high,MAPPED
WDB-01748,W001748,jim beam bonded,Jim Beam Bonded,Jim Beam Bonded,100,exact,"{""fruity"": 0.0, ""sweet"": 5.0, ""spicy"": 0.0, ""smoky_peaty"": 0.0, ""oak_cask"": 3.0, ""floral_herbal"": 2.0, ""malty_cereal"": 11.0}","{""complex"": 2.0, ""light"": 1.0, ""mellow"": 4.0, ""smooth"": 2.0, ""roses"": 2.0, ""oak"": 3.0, ""sour"": 2.0, ""sweet"": 2.0, ""caramel"": 3.0}","[""mellow"", ""oak"", ""caramel"", ""complex"", ""smooth""]",production_data.csv,100,high,MAPPED
WDB-01809,W001809,jim beam devil's cut,Jim Beam Devil's Cut,Jim Beam Devil's Cut,100,exact,"{""fruity"": 10.0, ""sweet"": 17.0, ""spicy"": 11.0, ""smoky_peaty"": 0.0, ""oak_cask"": 17.0, ""floral_herbal"": 0.0, ""malty_cereal"": 6.0}","{""cherry"": 2.0, ""fruity"": 2.0, ""lemon"": 1.0, ""orange"": 5.0, ""earthy"": 2.0, ""butterscotch"": 3.0, ""cinnamon"": 1.0, ""nutmeg"": 3.0, ""spices"": 6.0, ""sugar"": 1.0, ""vanilla"": 5.0, ""wood"": 6.0, ""bitter"": 4.0, ""ginger"": 1.0, ""maple"": 2.0, ""oak"": 9.0, ""sweet"": 4.0, ""brown"": 2.0, ""caramel"": 2.0}","[""oak"", ""spices"", ""wood"", ""orange"", ""vanilla""]",production_data.csv,100,high,MAPPED
WDB-01725,W001725,jim beam single barrel,Jim Beam Single Barrel,Jim Beam Single Barrel,100,exact,"{""fruity"": 0.0, ""sweet"": 5.0, ""spicy"": 6.0, ""smoky_peaty"": 0.0, ""oak_cask"": 1.0, ""floral_herbal"": 0.0, ""malty_cereal"": 4.0}","{""barley"": 2.0, ""chocolate"": 1.0, ""cinnamon"": 2.0, ""spices"": 2.0, ""sugar"": 2.0, ""vanilla"": 2.0, ""oak"": 1.0, ""spicy"": 2.0, ""brown"": 2.0}","[""barley"", ""cinnamon"", ""spices"", ""sugar"", ""vanilla""]",production_data.csv,100,high,MAPPED
WDB-01825,W001825,jim beam white label,Jim Beam White Label,Jim Beam White Label,100,exact,"{""fruity"": 0.0, ""sweet"": 6.0, ""spicy"": 0.0, ""smoky_peaty"": 0.0, ""oak_cask"": 0.0, ""floral_herbal"": 0.0, ""malty_cereal"": 3.0}","{""old"": 2.0, ""corn"": 1.0, ""sugar"": 1.0, ""vanilla"": 2.0, ""caramel"": 3.0}","[""caramel"", ""old"", ""vanilla"", ""corn"", ""sugar""]",production_data.csv,100,high,MAPPED
WDB-01258,W001258,johnnie walker blue label,Johnnie Walker Blue Label,Johnnie Walker Blue Label,100,exact,"{""fruity"": 4.0, ""sweet"": 2.0, ""spicy"": 1.0, ""smoky_peaty"": 0.0, ""oak_cask"": 0.0, ""floral_herbal"": 0.0, ""malty_cereal"": 8.0}","{""citrus"": 1.0, ""fruity"": 2.0, ""orange"": 1.0, ""complex"": 2.0, ""mild"": 2.0, ""cocoa"": 1.0, ""sugar"": 1.0, ""bitter"": 1.0, ""salty"": 1.0, ""spicy"": 1.0, ""brown"": 2.0}","[""fruity"", ""complex"", ""mild"", ""brown"", ""citrus""]",production_data.csv,100,high,MAPPED
WDB-01287,W001287,johnnie walker double black,Johnnie Walker Double Black,Johnnie Walker Double Black,100,exact,"{""fruity"": 0.0, ""sweet"": 5.0, ""spicy"": 0.0, ""smoky_peaty"": 0.0, ""oak_cask"": 0.0, ""floral_herbal"": 1.0, ""malty_cereal"": 4.0}","{""mild"": 1.0, ""honey"": 3.0, ""sherry"": 3.0, ""sweet"": 2.0, ""green"": 1.0}","[""honey"", ""sherry"", ""sweet"", ""mild"", ""green""]",production_data.csv,100,high,MAPPED
WDB-01276,W001276,johnnie walker platinum label,Johnnie Walker Platinum Label,Johnnie Walker Platinum Label,100,exact,"{""fruity"": 3.0, ""sweet"": 33.0, ""spicy"": 3.0, ""smoky_peaty"": 0.0, ""oak_cask"": 7.0, ""floral_herbal"": 13.0, ""malty_cereal"": 63.0}","{""citrus"": 2.0, ""raisins"": 1.0, ""dry"": 2.0, ""earthy"": 1.0, ""light"": 31.0, ""mellow"": 2.0, ""old"": 3.0, ""smooth"": 6.0, ""chocolate"": 3.0, ""cinnamon"": 3.0, ""corn"": 2.0, ""honey"": 5.0, ""tea"": 1.0, ""toffee"": 2.0, ""floral"": 4.0, ""tobacco"": 1.0, ""vanilla"": 4.0, ""wood"": 2.0, ""sherry"": 1.0, ""bitter"": 2.0, ""creamy"": 10.0, ""oak"": 3.0, ""salty"": 4.0, ""sweet"": 12.0, ""green"": 8.0, ""caramel"": 7.0}","[""light"", ""sweet"", ""creamy"", ""green"", ""caramel""]",production_data.csv,100,high,MAPPED
WDB-01359,W001359,johnnie walker red label,Johnnie Walker Red Label,Johnnie Walker Red Label,100,exact,"{""fruity"": 0.0, ""sweet"": 2.0, ""spicy"": 0.0, ""smoky_peaty"": 0.0, ""oak_cask"": 1.0, ""floral_herbal"": 0.0, ""malty_cereal"": 4.0}","{""light"": 2.0, ""lingering"": 2.0, ""wood"": 1.0, ""sweet"": 2.0}","[""light"", ""lingering"", ""sweet"", ""wood""]",production_data.csv,100,high,MAPPED
WDB-01213,W001213,jura prophecy,Jura Prophecy,Jura Prophecy,100,exact,"{""fruity"": 2.0, ""sweet"": 4.0, ""spicy"": 3.0, ""smoky_peaty"": 0.0, ""oak_cask"": 0.0, ""floral_herbal"": 0.0, ""malty_cereal"": 2.0}","{""lemon"": 2.0, ""cinnamon"": 1.0, ""honey"": 1.0, ""vanilla"": 1.0, ""creamy"": 2.0, ""spicy"": 2.0, ""sweet"": 2.0}","[""lemon"", ""creamy"", ""spicy"", ""sweet"", ""cinnamon""]",production_data.csv,100,high,MAPPED
WDB-00460,W000460,kavalan solist ex-bourbon,Kavalan Solist Ex-Bourbon,Kavalan Solist Ex-Bourbon,100,exact,"{""fruity"": 2.0, ""sweet"": 6.0, ""spicy"": 0.0, ""smoky_peaty"": 0.0, ""oak_cask"": 1.0, ""floral_herbal"": 0.0, ""malty_cereal"": 10.0}","{""fruity"": 2.0, ""complex"": 2.0, ""dry"": 1.0, ""light"": 2.0, ""lingering"": 2.0, ""vanilla"": 3.0, ""wood"": 1.0, ""sherry"": 1.0, ""amber"": 2.0, ""caramel"": 3.0}","[""vanilla"", ""caramel"", ""fruity"", ""complex"", ""light""]",production_data.csv,100,high,MAPPED
WDB-00056,W000056,kavalan solist vinho barrique,Kavalan Solist Vinho Barrique,Kavalan Solist Vinho Barrique,100,exact,"{""fruity"": 3.0, ""sweet"": 23.0, ""spicy"": 7.0, ""smoky_peaty"": 0.0, ""oak_cask"": 8.0, ""floral_herbal"": 6.0, ""malty_cereal"": 10.0}","{""orange"": 2.0, ""raisins"": 1.0, ""dry"": 2.0, ""heavy"": 2.0, ""chocolate"": 10.0, ""cinnamon"": 1.0, ""tea"": 2.0, ""coffee"": 2.0, ""floral"": 4.0, ""licorice"": 2.0, ""peppery"": 2.0, ""vanilla"": 6.0, ""nutty"": 2.0, ""oak"": 4.0, ""rich"": 6.0, ""spicy"": 2.0, ""sweet"": 2.0, ""caramel"": 5.0}","[""chocolate"", ""vanilla"", ""rich"", ""caramel"", ""floral""]",production_data.csv,100,high,MAPPED
WDB-01191,W001191,kilchoman 100% islay (all editions),Kilchoman 100% Islay 3rd Edition,Kilchoman 100% Islay (all editions),100,exact,"{""fruity"": 4.0, ""sweet"": 2.0, ""spicy"": 2.0, ""smoky_peaty"": 0.0, ""oak_cask"": 1.0, ""floral_herbal"": 2.0, ""malty_cereal"": 1.0}","{""cherry"": 1.0, ""lemon"": 2.0, ""zest"": 1.0, ""mild"": 1.0, ""cinnamon"": 2.0, ""floral"": 2.0, ""vanilla"": 1.0, ""nutty"": 1.0, ""caramel"": 1.0}","[""lemon"", ""cinnamon"", ""floral"", ""cherry"", ""zest""]",production_data.csv,100,high,MAPPED
WDB-00137,W000137,kilchoman loch gorm,Kilchoman Loch Gorm,Kilchoman Loch Gorm,100,exact,"{""fruity"": 7.0, ""sweet"": 8.0, ""spicy"": 4.0, ""smoky_peaty"": 3.0, ""oak_cask"": 7.0, ""floral_herbal"": 0.0, ""malty_cereal"": 15.0}","{""apple"": 1.0, ""citrus"": 2.0, ""lemon"": 2.0, ""raisins"": 1.0, ""zest"": 1.0, ""earthy"": 2.0, ""heavy"": 2.0, ""light"": 2.0, ""old"": 1.0, ""candy"": 2.0, ""cinnamon"": 1.0, ""toffee"": 1.0, ""nutmeg"": 1.0, ""peaty"": 3.0, ""vanilla"": 3.0, ""sherry"": 4.0, ""oak"": 5.0, ""rich"": 2.0, ""salty"": 4.0, ""spicy"": 2.0, ""caramel"": 2.0}","[""oak"", ""sherry"", ""salty"", ""peaty"", ""vanilla""]",production_data.csv,100,high,MAPPED
WDB-01181,W001181,kilchoman machir bay (all vintages),Kilchoman Machir Bay,Kilchoman Machir Bay (all vintages),100,exact,"{""fruity"": 2.0, ""sweet"": 1.0, ""spicy"": 1.0, ""smoky_peaty"": 0.0, ""oak_cask"": 0.0, ""floral_herbal"": 4.0, ""malty_cereal"": 4.0}","{""banana"": 1.0, ""lemon"": 1.0, ""chocolate"": 1.0, ""sherry"": 2.0, ""bitter"": 2.0, ""ginger"": 1.0, ""herbal"": 4.0}","[""herbal"", ""sherry"", ""bitter"", ""banana"", ""lemon""]",production_data.csv,100,high,MAPPED
WDB-00087,W000087,kilchoman port cask matured,Kilchoman Port Cask Matured,Kilchoman Port Cask Matured,100,exact,"{""fruity"": 0.0, ""sweet"": 4.0, ""spicy"": 3.0, ""smoky_peaty"": 0.0, ""oak_cask"": 0.0, ""floral_herbal"": 0.0, ""malty_cereal"": 2.0}","{""balanced"": 1.0, ""cinnamon"": 1.0, ""licorice"": 2.0, ""sour"": 1.0, ""sweet"": 4.0}","[""sweet"", ""licorice"", ""balanced"", ""cinnamon"", ""sour""]",production_data.csv,100,high,MAPPED
WDB-01166,W001166,laphroaig an cuan mor,Laphroaig An Cuan Mor,Laphroaig An Cuan Mor,100,exact,"{""fruity"": 2.0, ""sweet"": 6.0, ""spicy"": 0.0, ""smoky_peaty"": 2.0, ""oak_cask"": 4.0, ""floral_herbal"": 0.0, ""malty_cereal"": 6.0}","{""fruity"": 2.0, ""earthy"": 3.0, ""heavy"": 2.0, ""smooth"": 2.0, ""peaty"": 2.0, ""sugar"": 2.0, ""oak"": 1.0, ""salty"": 1.0, ""sweet"": 2.0, ""amber"": 1.0, ""caramel"": 2.0}","[""earthy"", ""fruity"", ""heavy"", ""smooth"", ""peaty""]",production_data.csv,100,high,MAPPED
WDB-01138,W001138,laphroaig quarter cask,Laphroaig Quarter Cask,Laphroaig Quarter Cask,100,exact,"{""fruity"": 1.0, ""sweet"": 6.0, ""spicy"": 0.0, ""smoky_peaty"": 0.0, ""oak_cask"": 1.0, ""floral_herbal"": 0.0, ""malty_cereal"": 5.0}","{""banana"": 1.0, ""complex"": 2.0, ""light"": 2.0, ""butterscotch"": 2.0, ""toffee"": 3.0, ""vanilla"": 1.0, ""oak"": 1.0, ""amber"": 1.0}","[""toffee"", ""complex"", ""light"", ""butterscotch"", ""banana""]",production_data.csv,100,high,MAPPED
WDB-01210,W001210,laphroaig triple wood,Laphroaig Triplewood,Laphroaig Triple Wood,100,exact,"{""fruity"": 2.0, ""sweet"": 14.0, ""spicy"": 1.0, ""smoky_peaty"": 0.0, ""oak_cask"": 8.0, ""floral_herbal"": 0.0, ""malty_cereal"": 25.0}","{""cherry"": 2.0, ""balanced"": 2.0, ""heavy"": 2.0, ""light"": 2.0, ""lingering"": 1.0, ""smooth"": 6.0, ""chocolate"": 1.0, ""cinnamon"": 1.0, ""cocoa"": 2.0, ""honey"": 2.0, ""malty"": 4.0, ""tobacco"": 1.0, ""vanilla"": 2.0, ""wood"": 4.0, ""sherry"": 4.0, ""brine"": 1.0, ""creamy"": 3.0, ""oak"": 3.0, ""sweet"": 5.0, ""caramel"": 2.0}","[""smooth"", ""sweet"", ""malty"", ""wood"", ""sherry""]",production_data.csv,98,high,MAPPED
WDB-01779,W001779,larceny small batch bourbon,Larceny Small Batch Bourbon,Larceny Small Batch Bourbon,100,exact,"{""fruity"": 2.0, ""sweet"": 7.0, ""spicy"": 2.0, ""smoky_peaty"": 0.0, ""oak_cask"": 2.0, ""floral_herbal"": 0.0, ""malty_cereal"": 6.0}","{""cherry"": 1.0, ""citrus"": 1.0, ""smooth"": 2.0, ""cinnamon"": 2.0, ""toffee"": 3.0, ""malty"": 2.0, ""vanilla"": 2.0, ""oak"": 2.0, ""rich"": 2.0, ""caramel"": 2.0}","[""toffee"", ""smooth"", ""cinnamon"", ""malty"", ""vanilla""]",production_data.csv,100,high,MAPPED
WDB-01174,W001174,longrow cv,Longrow CV,Longrow CV,100,exact,"{""fruity"": 29.0, ""sweet"": 24.0, ""spicy"": 8.0, ""smoky_peaty"": 0.0, ""oak_cask"": 3.0, ""floral_herbal"": 9.0, ""malty_cereal"": 12.0}","{""banana"": 1.0, ""lemon"": 2.0, ""orange"": 25.0, ""pear"": 1.0, ""complex"": 2.0, ""earthy"": 2.0, ""light"": 2.0, ""old"": 1.0, ""butterscotch"": 4.0, ""chocolate"": 2.0, ""cinnamon"": 1.0, ""cocoa"": 2.0, ""toffee"": 1.0, ""coffee"": 1.0, ""floral"": 5.0, ""mint"": 2.0, ""nutmeg"": 1.0, ""spices"": 2.0, ""sugar"": 1.0, ""vanilla"": 1.0, ""sherry"": 5.0, ""ginger"": 2.0, ""herbal"": 2.0, ""spicy"": 2.0, ""sweet"": 10.0, ""brown"": 2.0, ""caramel"": 3.0}","[""orange"", ""sweet"", ""floral"", ""sherry"", ""butterscotch""]",production_data.csv,100,high,MAPPED
WDB-01187,W001187,longrow peated,Longrow Peated,Longrow Peated,100,exact,"{""fruity"": 3.0, ""sweet"": 3.0, ""spicy"": 0.0, ""smoky_peaty"": 0.0, ""oak_cask"": 0.0, ""floral_herbal"": 0.0, ""malty_cereal"": 12.0}","{""lemon"": 2.0, ""zest"": 1.0, ""balanced"": 2.0, ""mild"": 2.0, ""honey"": 1.0, ""toffee"": 2.0, ""brine"": 4.0, ""rich"": 2.0, ""salty"": 2.0}","[""brine"", ""lemon"", ""balanced"", ""mild"", ""toffee""]",production_data.csv,100,high,MAPPED
WDB-00634,W000634,macallan amber,Macallan Amber,Macallan Amber,100,exact,"{""fruity"": 4.0, ""sweet"": 6.0, ""spicy"": 2.0, ""smoky_peaty"": 0.0, ""oak_cask"": 1.0, ""floral_herbal"": 2.0, ""malty_cereal"": 3.0}","{""citrus"": 2.0, ""raisins"": 2.0, ""cinnamon"": 1.0, ""honey"": 1.0, ""toffee"": 2.0, ""floral"": 1.0, ""mint"": 1.0, ""vanilla"": 2.0, ""sherry"": 2.0, ""ginger"": 1.0, ""oak"": 1.0, ""amber"": 1.0, ""caramel"": 1.0}","[""citrus"", ""raisins"", ""toffee"", ""vanilla"", ""sherry""]",production_data.csv,100,high,MAPPED
WDB-00386,W000386,macallan select oak,Macallan Select Oak,Macallan Select Oak,100,exact,"{""fruity"": 3.0, ""sweet"": 6.0, ""spicy"": 2.0, ""smoky_peaty"": 0.0, ""oak_cask"": 14.0, ""floral_herbal"": 1.0, ""malty_cereal"": 12.0}","{""apple"": 1.0, ""lemon"": 1.0, ""pear"": 1.0, ""earthy"": 2.0, ""light"": 1.0, ""smooth"": 1.0, ""floral"": 1.0, ""sherry"": 8.0, ""ginger"": 2.0, ""oak"": 12.0, ""sour"": 2.0, ""sweet"": 6.0}","[""oak"", ""sherry"", ""sweet"", ""earthy"", ""ginger""]",production_data.csv,100,high,MAPPED
WDB-00225,W000225,macallan sienna,Macallan Sienna,Macallan Sienna,100,exact,"{""fruity"": 0.0, ""sweet"": 7.0, ""spicy"": 3.0, ""smoky_peaty"": 0.0, ""oak_cask"": 0.0, ""floral_herbal"": 0.0, ""malty_cereal"": 4.0}","{""complex"": 1.0, ""light"": 1.0, ""cinnamon"": 1.0, ""toffee"": 6.0, ""clove"": 2.0, ""vanilla"": 1.0, ""sherry"": 2.0}","[""toffee"", ""clove"", ""sherry"", ""complex"", ""light""]",production_data.csv,100,high,MAPPED
WDB-00743,W000743,mackmyra the first edition (den första utgåvan),Mackmyra First Edition,Mackmyra The First Edition (Den Första Utgåvan),100,exact,"{""fruity"": 16.0, ""sweet"": 8.0, ""spicy"": 2.0, ""smoky_peaty"": 0.0, ""oak_cask"": 6.0, ""floral_herbal"": 3.0, ""malty_cereal"": 13.0}","{""citrus"": 2.0, ""lemon"": 9.0, ""orange"": 4.0, ""pear"": 1.0, ""light"": 5.0, ""buttery"": 1.0, ""candy"": 3.0, ""mint"": 1.0, ""nutmeg"": 1.0, ""vanilla"": 1.0, ""wood"": 1.0, ""sherry"": 4.0, ""creamy"": 2.0, ""herbal"": 2.0, ""oak"": 5.0, ""rich"": 2.0, ""spicy"": 1.0, ""sweet"": 2.0, ""caramel"": 1.0}","[""lemon"", ""light"", ""oak"", ""orange"", ""sherry""]",production_data.csv,100,high,MAPPED
WDB-00904,W000904,mcclelland's highland single malt,McClelland Highland,McClelland's Highland Single Malt,100,exact,"{""fruity"": 11.0, ""sweet"": 10.0, ""spicy"": 3.0, ""smoky_peaty"": 0.0, ""oak_cask"": 1.0, ""floral_herbal"": 3.0, ""malty_cereal"": 12.0}","{""apple"": 2.0, ""banana"": 2.0, ""citrus"": 4.0, ""lemon"": 3.0, ""balanced"": 2.0, ""complex"": 2.0, ""light"": 2.0, ""smooth"": 1.0, ""cinnamon"": 1.0, ""honey"": 2.0, ""tea"": 1.0, ""mint"": 1.0, ""roses"": 1.0, ""spices"": 1.0, ""sugar"": 2.0, ""vanilla"": 4.0, ""sherry"": 1.0, ""bitter"": 2.0, ""ginger"": 1.0, ""oak"": 1.0, ""sweet"": 1.0, ""brown"": 2.0, ""caramel"": 1.0}","[""citrus"", ""vanilla"", ""lemon"", ""apple"", ""banana""]",production_data.csv,100,high,MAPPED
WDB-01227,W001227,mcclelland's islay single malt,McClelland Islay,McClelland's Islay Single Malt,100,exact,"{""fruity"": 0.0, ""sweet"": 4.0, ""spicy"": 0.0, ""smoky_peaty"": 1.0, ""oak_cask"": 0.0, ""floral_herbal"": 0.0, ""malty_cereal"": 0.0}","{""peaty"": 1.0, ""vanilla"": 1.0, ""sweet"": 3.0}","[""sweet"", ""peaty"", ""vanilla""]",production_data.csv,100,high,MAPPED
WDB-00024,W000024,monkey shoulder,Monkey Shoulder,Monkey Shoulder,100,exact,"{""fruity"": 11.0, ""sweet"": 8.0, ""spicy"": 0.0, ""smoky_peaty"": 0.0, ""oak_cask"": 2.0, ""floral_herbal"": 1.0, ""malty_cereal"": 1.0}","{""apple"": 2.0, ""citrus"": 6.0, ""lemon"": 2.0, ""pear"": 1.0, ""light"": 1.0, ""floral"": 1.0, ""vanilla"": 8.0, ""oak"": 2.0}","[""vanilla"", ""citrus"", ""apple"", ""lemon"", ""oak""]",production_data.csv,100,high,MAPPED
WDB-01279,W001279,nikka coffey grain,Nikka Coffey Grain,Nikka Coffey Grain,100,exact,"{""fruity"": 2.0, ""sweet"": 6.0, ""spicy"": 1.0, ""smoky_peaty"": 0.0, ""oak_cask"": 3.0, ""floral_herbal"": 0.0, ""malty_cereal"": 11.0}","{""pear"": 2.0, ""light"": 8.0, ""mellow"": 2.0, ""cinnamon"": 1.0, ""vanilla"": 6.0, ""bitter"": 1.0, ""oak"": 3.0}","[""light"", ""vanilla"", ""oak"", ""pear"", ""mellow""]",production_data.csv,100,high,MAPPED
WDB-00474,W000474,nikka from the barrel,Nikka From The Barrel,Nikka From the Barrel,100,exact,"{""fruity"": 19.0, ""sweet"": 27.0, ""spicy"": 0.0, ""smoky_peaty"": 0.0, ""oak_cask"": 16.0, ""floral_herbal"": 3.0, ""malty_cereal"": 44.0}","{""banana"": 3.0, ""citrus"": 3.0, ""fruity"": 2.0, ""lemon"": 3.0, ""orange"": 6.0, ""zest"": 2.0, ""balanced"": 4.0, ""complex"": 3.0, ""dry"": 9.0, ""earthy"": 5.0, ""light"": 14.0, ""butterscotch"": 2.0, ""candy"": 3.0, ""honey"": 2.0, ""toffee"": 8.0, ""tobacco"": 2.0, ""vanilla"": 3.0, ""sherry"": 5.0, ""bitter"": 4.0, ""herbal"": 1.0, ""oak"": 9.0, ""salty"": 5.0, ""sweet"": 4.0, ""green"": 2.0, ""caramel"": 5.0}","[""light"", ""dry"", ""oak"", ""toffee"", ""orange""]",production_data.csv,100,high,MAPPED
WDB-01701,W001701,old weller antique 107,Old Weller Antique 107,Old Weller Antique 107,100,exact,"{""fruity"": 0.0, ""sweet"": 0.0, ""spicy"": 0.0, ""smoky_peaty"": 0.0, ""oak_cask"": 0.0, ""floral_herbal"": 0.0, ""malty_cereal"": 0.0}",{},[],production_data.csv,100,high,MAPPED
WDB-01468,W001468,rittenhouse rye 100 proof,Rittenhouse Rye 100,Rittenhouse Rye 100 Proof,100,exact,"{""fruity"": 0.0, ""sweet"": 15.0, ""spicy"": 4.0, ""smoky_peaty"": 0.0, ""oak_cask"": 8.0, ""floral_herbal"": 7.0, ""malty_cereal"": 20.0}","{""balanced"": 2.0, ""dry"": 1.0, ""barley"": 1.0, ""chocolate"": 2.0, ""floral"": 6.0, ""peppery"": 1.0, ""roses"": 1.0, ""sugar"": 1.0, ""vanilla"": 1.0, ""wood"": 8.0, ""bitter"": 12.0, ""creamy"": 2.0, ""spicy"": 3.0, ""sweet"": 11.0, ""amber"": 2.0}","[""bitter"", ""sweet"", ""wood"", ""floral"", ""spicy""]",production_data.csv,100,high,MAPPED
WDB-01673,W001673,russell's reserve single barrel,Russell's Reserve Single Barrel,Russell's Reserve Single Barrel,100,exact,"{""fruity"": 2.0, ""sweet"": 15.0, ""spicy"": 6.0, ""smoky_peaty"": 0.0, ""oak_cask"": 5.0, ""floral_herbal"": 0.0, ""malty_cereal"": 0.0}","{""fruity"": 2.0, ""cinnamon"": 2.0, ""toffee"": 1.0, ""spices"": 2.0, ""vanilla"": 6.0, ""oak"": 5.0, ""spicy"": 2.0, ""sweet"": 2.0, ""caramel"": 6.0}","[""vanilla"", ""caramel"", ""oak"", ""fruity"", ""cinnamon""]",production_data.csv,100,high,MAPPED
WDB-01482,W001482,sazerac straight rye,Sazerac Rye,Sazerac Straight Rye,100,exact,"{""fruity"": 0.0, ""sweet"": 6.0, ""spicy"": 2.0, ""smoky_peaty"": 0.0, ""oak_cask"": 0.0, ""floral_herbal"": 0.0, ""malty_cereal"": 2.0}","{""heavy"": 2.0, ""sugar"": 1.0, ""vanilla"": 4.0, ""spicy"": 2.0, ""caramel"": 1.0}","[""vanilla"", ""heavy"", ""spicy"", ""sugar"", ""caramel""]",production_data.csv,100,high,MAPPED
WDB-01075,W001075,springbank cv,Springbank CV,Springbank CV,100,exact,"{""fruity"": 0.0, ""sweet"": 3.0, ""spicy"": 0.0, ""smoky_peaty"": 0.0, ""oak_cask"": 0.0, ""floral_herbal"": 2.0, ""malty_cereal"": 9.0}","{""light"": 1.0, ""sugar"": 3.0, ""sherry"": 3.0, ""brine"": 1.0, ""herbal"": 2.0, ""brown"": 4.0}","[""brown"", ""sugar"", ""sherry"", ""herbal"", ""light""]",production_data.csv,100,high,MAPPED
WDB-00954,W000954,talisker 57 north,Talisker 57° North,Talisker 57 North,100,exact,"{""fruity"": 2.0, ""sweet"": 3.0, ""spicy"": 0.0, ""smoky_peaty"": 0.0, ""oak_cask"": 8.0, ""floral_herbal"": 2.0, ""malty_cereal"": 24.0}","{""citrus"": 1.0, ""lemon"": 1.0, ""dry"": 5.0, ""light"": 3.0, ""honey"": 1.0, ""floral"": 1.0, ""malty"": 6.0, ""wood"": 4.0, ""sherry"": 4.0, ""bitter"": 2.0, ""brine"": 1.0, ""herbal"": 1.0, ""nutty"": 1.0, ""oak"": 3.0, ""salty"": 1.0, ""sour"": 2.0, ""sweet"": 2.0}","[""malty"", ""dry"", ""wood"", ""sherry"", ""light""]",production_data.csv,100,high,MAPPED
WDB-00303,W000303,talisker port ruighe,Talisker Port Ruighe,Talisker Port Ruighe,100,exact,"{""fruity"": 2.0, ""sweet"": 3.0, ""spicy"": 0.0, ""smoky_peaty"": 0.0, ""oak_cask"": 8.0, ""floral_herbal"": 2.0, ""malty_cereal"": 24.0}","{""citrus"": 1.0, ""lemon"": 1.0, ""dry"": 5.0, ""light"": 3.0, ""honey"": 1.0, ""floral"": 1.0, ""malty"": 6.0, ""wood"": 4.0, ""sherry"": 4.0, ""bitter"": 2.0, ""brine"": 1.0, ""herbal"": 1.0, ""nutty"": 1.0, ""oak"": 3.0, ""salty"": 1.0, ""sour"": 2.0, ""sweet"": 2.0}","[""malty"", ""dry"", ""wood"", ""sherry"", ""light""]",production_data.csv,100,high,MAPPED
WDB-01275,W001275,té bheag,Té Bheag,Té Bheag,100,exact,"{""fruity"": 6.0, ""sweet"": 0.0, ""spicy"": 0.0, ""smoky_peaty"": 0.0, ""oak_cask"": 6.0, ""floral_herbal"": 0.0, ""malty_cereal"": 6.0}","{""banana"": 2.0, ""fruity"": 3.0, ""pear"": 1.0, ""dry"": 2.0, ""earthy"": 2.0, ""wood"": 1.0, ""oak"": 3.0, ""brown"": 4.0}","[""brown"", ""fruity"", ""oak"", ""banana"", ""dry""]",production_data.csv,100,high,MAPPED
WDB-01337,W001337,teacher's highland cream,Teacher's Highland Cream,Teacher's Highland Cream,100,exact,"{""fruity"": 0.0, ""sweet"": 0.0, ""spicy"": 0.0, ""smoky_peaty"": 0.0, ""oak_cask"": 0.0, ""floral_herbal"": 0.0, ""malty_cereal"": 0.0}",{},[],production_data.csv,100,high,MAPPED
WDB-01574,W001574,templeton rye,Templeton Rye,Templeton Rye,100,exact,"{""fruity"": 6.0, ""sweet"": 4.0, ""spicy"": 7.0, ""smoky_peaty"": 0.0, ""oak_cask"": 7.0, ""floral_herbal"": 0.0, ""malty_cereal"": 5.0}","{""orange"": 6.0, ""balanced"": 1.0, ""earthy"": 2.0, ""heavy"": 2.0, ""barley"": 2.0, ""candy"": 2.0, ""cinnamon"": 2.0, ""clove"": 3.0, ""spices"": 2.0, ""wood"": 5.0, ""caramel"": 2.0}","[""orange"", ""wood"", ""clove"", ""earthy"", ""heavy""]",production_data.csv,100,high,MAPPED
WDB-01374,W001374,thomas h. handy sazerac,Thomas H. Handy,Thomas H. Handy Sazerac,100,exact,"{""fruity"": 8.0, ""sweet"": 2.0, ""spicy"": 0.0, ""smoky_peaty"": 0.0, ""oak_cask"": 2.0, ""floral_herbal"": 0.0, ""malty_cereal"": 0.0}","{""cherry"": 3.0, ""citrus"": 2.0, ""fruity"": 3.0, ""oak"": 2.0, ""caramel"": 2.0}","[""cherry"", ""fruity"", ""citrus"", ""oak"", ""caramel""]",production_data.csv,100,high,MAPPED
WDB-00437,W000437,tomatin decades,Tomatin Decades,Tomatin Decades,100,exact,"{""fruity"": 3.0, ""sweet"": 5.0, ""spicy"": 4.0, ""smoky_peaty"": 0.0, ""oak_cask"": 4.0, ""floral_herbal"": 1.0, ""malty_cereal"": 29.0}","{""pear"": 2.0, ""raisins"": 1.0, ""balanced"": 2.0, ""light"": 2.0, ""lingering"": 2.0, ""old"": 7.0, ""smooth"": 1.0, ""honey"": 2.0, ""toffee"": 3.0, ""floral"": 1.0, ""wood"": 2.0, ""sherry"": 8.0, ""bitter"": 2.0, ""creamy"": 2.0, ""ginger"": 2.0, ""nutty"": 2.0, ""rich"": 3.0, ""spicy"": 2.0}","[""sherry"", ""old"", ""toffee"", ""rich"", ""pear""]",production_data.csv,100,high,MAPPED
WDB-01226,W001226,tomintoul peaty tang,Tomintoul Peaty Tang,Tomintoul Peaty Tang,100,exact,"{""fruity"": 17.0, ""sweet"": 6.0, ""spicy"": 0.0, ""smoky_peaty"": 2.0, ""oak_cask"": 13.0, ""floral_herbal"": 0.0, ""malty_cereal"": 17.0}","{""citrus"": 2.0, ""fruity"": 6.0, ""lemon"": 9.0, ""dry"": 1.0, ""earthy"": 3.0, ""light"": 7.0, ""old"": 2.0, ""chocolate"": 4.0, ""coffee"": 4.0, ""malty"": 1.0, ""peaty"": 2.0, ""vanilla"": 2.0, ""bitter"": 2.0, ""oak"": 6.0, ""sour"": 4.0}","[""lemon"", ""light"", ""fruity"", ""oak"", ""chocolate""]",production_data.csv,100,high,MAPPED
WDB-00859,W000859,tyrconnell single malt irish whiskey,Tyrconnell Irish Single Malt,Tyrconnell Single Malt Irish Whiskey,100,exact,"{""fruity"": 2.0, ""sweet"": 1.0, ""spicy"": 2.0, ""smoky_peaty"": 0.0, ""oak_cask"": 0.0, ""floral_herbal"": 0.0, ""malty_cereal"": 14.0}","{""citrus"": 2.0, ""complex"": 2.0, ""light"": 8.0, ""smooth"": 1.0, ""barley"": 1.0, ""cinnamon"": 2.0, ""creamy"": 2.0, ""caramel"": 1.0}","[""light"", ""citrus"", ""complex"", ""cinnamon"", ""creamy""]",production_data.csv,100,high,MAPPED
WDB-01771,W001771,w.l. weller special reserve,W.L. Weller Special Reserve,W.L. Weller Special Reserve,100,exact,"{""fruity"": 8.0, ""sweet"": 21.0, ""spicy"": 1.0, ""smoky_peaty"": 0.0, ""oak_cask"": 3.0, ""floral_herbal"": 2.0, ""malty_cereal"": 7.0}","{""apple"": 7.0, ""cherry"": 1.0, ""complex"": 1.0, ""light"": 3.0, ""old"": 2.0, ""smooth"": 1.0, ""cinnamon"": 1.0, ""honey"": 3.0, ""roses"": 2.0, ""sugar"": 1.0, ""wood"": 3.0, ""sweet"": 12.0, ""caramel"": 5.0}","[""sweet"", ""apple"", ""caramel"", ""light"", ""honey""]",production_data.csv,100,high,MAPPED
WDB-01410,W001410,whistlepig the boss hog,Whistle Pig Boss Hog,Whistlepig The Boss Hog,100,exact,"{""fruity"": 0.0, ""sweet"": 0.0, ""spicy"": 2.0, ""smoky_peaty"": 0.0, ""oak_cask"": 0.0, ""floral_herbal"": 6.0, ""malty_cereal"": 2.0}","{""light"": 2.0, ""mint"": 4.0, ""nutmeg"": 2.0, ""herbal"": 2.0}","[""mint"", ""light"", ""nutmeg"", ""herbal""]",production_data.csv,95,high,MAPPED
WDB-01477,W001477,wild turkey 101 rye,Wild Turkey 101 Rye,Wild Turkey 101 Rye,100,exact,"{""fruity"": 3.0, ""sweet"": 6.0, ""spicy"": 7.0, ""smoky_peaty"": 0.0, ""oak_cask"": 0.0, ""floral_herbal"": 0.0, ""malty_cereal"": 5.0}","{""orange"": 3.0, ""barley"": 3.0, ""cinnamon"": 2.0, ""corn"": 2.0, ""honey"": 1.0, ""peppery"": 1.0, ""spices"": 2.0, ""vanilla"": 5.0, ""spicy"": 2.0}","[""vanilla"", ""orange"", ""barley"", ""cinnamon"", ""corn""]",production_data.csv,100,high,MAPPED
WDB-01777,W001777,wild turkey forgiven,Wild Turkey Forgiven,Wild Turkey Forgiven,100,exact,"{""fruity"": 0.0, ""sweet"": 3.0, ""spicy"": 2.0, ""smoky_peaty"": 2.0, ""oak_cask"": 1.0, ""floral_herbal"": 0.0, ""malty_cereal"": 2.0}","{""smooth"": 2.0, ""cinnamon"": 2.0, ""vanilla"": 2.0, ""oak"": 1.0, ""smokey"": 2.0, ""caramel"": 1.0}","[""smooth"", ""cinnamon"", ""vanilla"", ""smokey"", ""oak""]",production_data.csv,100,high,MAPPED
WDB-01695,W001695,wild turkey rare breed,Wild Turkey Rare Breed,Wild Turkey Rare Breed,100,exact,"{""fruity"": 15.0, ""sweet"": 21.0, ""spicy"": 9.0, ""smoky_peaty"": 0.0, ""oak_cask"": 12.0, ""floral_herbal"": 1.0, ""malty_cereal"": 16.0}","{""banana"": 7.0, ""fruity"": 8.0, ""heavy"": 1.0, ""old"": 4.0, ""smooth"": 4.0, ""floral"": 1.0, ""sugar"": 1.0, ""vanilla"": 3.0, ""bitter"": 4.0, ""maple"": 4.0, ""oak"": 12.0, ""rich"": 3.0, ""spicy"": 9.0, ""sweet"": 8.0, ""caramel"": 5.0}","[""oak"", ""spicy"", ""fruity"", ""sweet"", ""banana""]",production_data.csv,100,high,MAPPED
WDB-01609,W001609,william larue weller,William Larue Weller,William Larue Weller,100,exact,"{""fruity"": 0.0, ""sweet"": 11.0, ""spicy"": 4.0, ""smoky_peaty"": 0.0, ""oak_cask"": 0.0, ""floral_herbal"": 0.0, ""malty_cereal"": 13.0}","{""balanced"": 2.0, ""complex"": 3.0, ""lingering"": 2.0, ""old"": 1.0, ""butterscotch"": 2.0, ""chocolate"": 1.0, ""cinnamon"": 2.0, ""toffee"": 1.0, ""clove"": 1.0, ""vanilla"": 3.0, ""maple"": 2.0, ""rich"": 3.0, ""salty"": 2.0, ""spicy"": 1.0, ""sweet"": 1.0, ""caramel"": 1.0}","[""complex"", ""vanilla"", ""rich"", ""balanced"", ""lingering""]",production_data.csv,100,high,MAPPED
WDB-01395,W001395,j.p. wiser's legacy,Wiser's Legacy,J.P. Wiser's Legacy,100,exact,"{""fruity"": 0.0, ""sweet"": 12.0, ""spicy"": 3.0, ""smoky_peaty"": 0.0, ""oak_cask"": 1.0, ""floral_herbal"": 0.0, ""malty_cereal"": 6.0}","{""mellow"": 2.0, ""old"": 3.0, ""smooth"": 1.0, ""cinnamon"": 1.0, ""sugar"": 1.0, ""vanilla"": 6.0, ""wood"": 1.0, ""maple"": 2.0, ""spicy"": 2.0, ""sweet"": 3.0}","[""vanilla"", ""old"", ""sweet"", ""mellow"", ""maple""]",production_data.csv,100,high,MAPPED
WDB-01775,W001775,woodford reserve distiller's select,Woodford Reserve Distiller's Select,Woodford Reserve Distiller's Select,100,exact,"{""fruity"": 0.0, ""sweet"": 6.0, ""spicy"": 1.0, ""smoky_peaty"": 0.0, ""oak_cask"": 2.0, ""floral_herbal"": 0.0, ""malty_cereal"": 4.0}","{""mild"": 4.0, ""cinnamon"": 1.0, ""vanilla"": 5.0, ""oak"": 2.0, ""caramel"": 1.0}","[""vanilla"", ""mild"", ""oak"", ""cinnamon"", ""caramel""]",production_data.csv,100,high,MAPPED
WDB-01714,W001714,woodford reserve double oaked,Woodford Reserve Double Oaked,Woodford Reserve Double Oaked,100,exact,"{""fruity"": 15.0, ""sweet"": 21.0, ""spicy"": 9.0, ""smoky_peaty"": 0.0, ""oak_cask"": 12.0, ""floral_herbal"": 1.0, ""malty_cereal"": 16.0}","{""banana"": 7.0, ""fruity"": 8.0, ""heavy"": 1.0, ""old"": 4.0, ""smooth"": 4.0, ""floral"": 1.0, ""sugar"": 1.0, ""vanilla"": 3.0, ""bitter"": 4.0, ""maple"": 4.0, ""oak"": 12.0, ""rich"": 3.0, ""spicy"": 9.0, ""sweet"": 8.0, ""caramel"": 5.0}","[""oak"", ""spicy"", ""fruity"", ""sweet"", ""banana""]",production_data.csv,100,high,MAPPED
